--
-- PostgreSQL database dump
--

-- Dumped from database version 16.3
-- Dumped by pg_dump version 16.3

SET statement_timeout = 0;
SET lock_timeout = 0;
SET idle_in_transaction_session_timeout = 0;
SET client_encoding = 'WIN1252';
SET standard_conforming_strings = on;
SELECT pg_catalog.set_config('search_path', '', false);
SET check_function_bodies = false;
SET xmloption = content;
SET client_min_messages = warning;
SET row_security = off;

SET default_tablespace = '';

SET default_table_access_method = heap;

--
-- Name: auth_group; Type: TABLE; Schema: public; Owner: postgres
--

CREATE TABLE public.auth_group (
    id integer NOT NULL,
    name character varying(150) NOT NULL
);


ALTER TABLE public.auth_group OWNER TO postgres;

--
-- Name: auth_group_id_seq; Type: SEQUENCE; Schema: public; Owner: postgres
--

ALTER TABLE public.auth_group ALTER COLUMN id ADD GENERATED BY DEFAULT AS IDENTITY (
    SEQUENCE NAME public.auth_group_id_seq
    START WITH 1
    INCREMENT BY 1
    NO MINVALUE
    NO MAXVALUE
    CACHE 1
);


--
-- Name: auth_group_permissions; Type: TABLE; Schema: public; Owner: postgres
--

CREATE TABLE public.auth_group_permissions (
    id bigint NOT NULL,
    group_id integer NOT NULL,
    permission_id integer NOT NULL
);


ALTER TABLE public.auth_group_permissions OWNER TO postgres;

--
-- Name: auth_group_permissions_id_seq; Type: SEQUENCE; Schema: public; Owner: postgres
--

ALTER TABLE public.auth_group_permissions ALTER COLUMN id ADD GENERATED BY DEFAULT AS IDENTITY (
    SEQUENCE NAME public.auth_group_permissions_id_seq
    START WITH 1
    INCREMENT BY 1
    NO MINVALUE
    NO MAXVALUE
    CACHE 1
);


--
-- Name: auth_permission; Type: TABLE; Schema: public; Owner: postgres
--

CREATE TABLE public.auth_permission (
    id integer NOT NULL,
    name character varying(255) NOT NULL,
    content_type_id integer NOT NULL,
    codename character varying(100) NOT NULL
);


ALTER TABLE public.auth_permission OWNER TO postgres;

--
-- Name: auth_permission_id_seq; Type: SEQUENCE; Schema: public; Owner: postgres
--

ALTER TABLE public.auth_permission ALTER COLUMN id ADD GENERATED BY DEFAULT AS IDENTITY (
    SEQUENCE NAME public.auth_permission_id_seq
    START WITH 1
    INCREMENT BY 1
    NO MINVALUE
    NO MAXVALUE
    CACHE 1
);


--
-- Name: authtoken_token; Type: TABLE; Schema: public; Owner: postgres
--

CREATE TABLE public.authtoken_token (
    key character varying(40) NOT NULL,
    created timestamp with time zone NOT NULL,
    user_id bigint NOT NULL
);


ALTER TABLE public.authtoken_token OWNER TO postgres;

--
-- Name: django_admin_log; Type: TABLE; Schema: public; Owner: postgres
--

CREATE TABLE public.django_admin_log (
    id integer NOT NULL,
    action_time timestamp with time zone NOT NULL,
    object_id text,
    object_repr character varying(200) NOT NULL,
    action_flag smallint NOT NULL,
    change_message text NOT NULL,
    content_type_id integer,
    user_id bigint NOT NULL,
    CONSTRAINT django_admin_log_action_flag_check CHECK ((action_flag >= 0))
);


ALTER TABLE public.django_admin_log OWNER TO postgres;

--
-- Name: django_admin_log_id_seq; Type: SEQUENCE; Schema: public; Owner: postgres
--

ALTER TABLE public.django_admin_log ALTER COLUMN id ADD GENERATED BY DEFAULT AS IDENTITY (
    SEQUENCE NAME public.django_admin_log_id_seq
    START WITH 1
    INCREMENT BY 1
    NO MINVALUE
    NO MAXVALUE
    CACHE 1
);


--
-- Name: django_content_type; Type: TABLE; Schema: public; Owner: postgres
--

CREATE TABLE public.django_content_type (
    id integer NOT NULL,
    app_label character varying(100) NOT NULL,
    model character varying(100) NOT NULL
);


ALTER TABLE public.django_content_type OWNER TO postgres;

--
-- Name: django_content_type_id_seq; Type: SEQUENCE; Schema: public; Owner: postgres
--

ALTER TABLE public.django_content_type ALTER COLUMN id ADD GENERATED BY DEFAULT AS IDENTITY (
    SEQUENCE NAME public.django_content_type_id_seq
    START WITH 1
    INCREMENT BY 1
    NO MINVALUE
    NO MAXVALUE
    CACHE 1
);


--
-- Name: django_migrations; Type: TABLE; Schema: public; Owner: postgres
--

CREATE TABLE public.django_migrations (
    id bigint NOT NULL,
    app character varying(255) NOT NULL,
    name character varying(255) NOT NULL,
    applied timestamp with time zone NOT NULL
);


ALTER TABLE public.django_migrations OWNER TO postgres;

--
-- Name: django_migrations_id_seq; Type: SEQUENCE; Schema: public; Owner: postgres
--

ALTER TABLE public.django_migrations ALTER COLUMN id ADD GENERATED BY DEFAULT AS IDENTITY (
    SEQUENCE NAME public.django_migrations_id_seq
    START WITH 1
    INCREMENT BY 1
    NO MINVALUE
    NO MAXVALUE
    CACHE 1
);


--
-- Name: django_session; Type: TABLE; Schema: public; Owner: postgres
--

CREATE TABLE public.django_session (
    session_key character varying(40) NOT NULL,
    session_data text NOT NULL,
    expire_date timestamp with time zone NOT NULL
);


ALTER TABLE public.django_session OWNER TO postgres;

--
-- Name: upload_category; Type: TABLE; Schema: public; Owner: postgres
--

CREATE TABLE public.upload_category (
    id bigint NOT NULL,
    name character varying(50) NOT NULL
);


ALTER TABLE public.upload_category OWNER TO postgres;

--
-- Name: upload_category_id_seq; Type: SEQUENCE; Schema: public; Owner: postgres
--

ALTER TABLE public.upload_category ALTER COLUMN id ADD GENERATED BY DEFAULT AS IDENTITY (
    SEQUENCE NAME public.upload_category_id_seq
    START WITH 1
    INCREMENT BY 1
    NO MINVALUE
    NO MAXVALUE
    CACHE 1
);


--
-- Name: upload_content; Type: TABLE; Schema: public; Owner: postgres
--

CREATE TABLE public.upload_content (
    id bigint NOT NULL,
    title character varying(200) NOT NULL,
    description text NOT NULL,
    start_time timestamp with time zone NOT NULL,
    end_time timestamp with time zone,
    created_by_id bigint NOT NULL,
    department_id bigint
);


ALTER TABLE public.upload_content OWNER TO postgres;

--
-- Name: upload_content_id_seq; Type: SEQUENCE; Schema: public; Owner: postgres
--

ALTER TABLE public.upload_content ALTER COLUMN id ADD GENERATED BY DEFAULT AS IDENTITY (
    SEQUENCE NAME public.upload_content_id_seq
    START WITH 1
    INCREMENT BY 1
    NO MINVALUE
    NO MAXVALUE
    CACHE 1
);


--
-- Name: upload_conversation; Type: TABLE; Schema: public; Owner: postgres
--

CREATE TABLE public.upload_conversation (
    id bigint NOT NULL,
    created_at timestamp with time zone NOT NULL
);


ALTER TABLE public.upload_conversation OWNER TO postgres;

--
-- Name: upload_conversation_id_seq; Type: SEQUENCE; Schema: public; Owner: postgres
--

ALTER TABLE public.upload_conversation ALTER COLUMN id ADD GENERATED BY DEFAULT AS IDENTITY (
    SEQUENCE NAME public.upload_conversation_id_seq
    START WITH 1
    INCREMENT BY 1
    NO MINVALUE
    NO MAXVALUE
    CACHE 1
);


--
-- Name: upload_conversation_participants; Type: TABLE; Schema: public; Owner: postgres
--

CREATE TABLE public.upload_conversation_participants (
    id bigint NOT NULL,
    conversation_id bigint NOT NULL,
    user_id bigint NOT NULL
);


ALTER TABLE public.upload_conversation_participants OWNER TO postgres;

--
-- Name: upload_conversation_participants_id_seq; Type: SEQUENCE; Schema: public; Owner: postgres
--

ALTER TABLE public.upload_conversation_participants ALTER COLUMN id ADD GENERATED BY DEFAULT AS IDENTITY (
    SEQUENCE NAME public.upload_conversation_participants_id_seq
    START WITH 1
    INCREMENT BY 1
    NO MINVALUE
    NO MAXVALUE
    CACHE 1
);


--
-- Name: upload_department; Type: TABLE; Schema: public; Owner: postgres
--

CREATE TABLE public.upload_department (
    id bigint NOT NULL,
    name character varying(255) NOT NULL,
    parent_id bigint
);


ALTER TABLE public.upload_department OWNER TO postgres;

--
-- Name: upload_department_id_seq; Type: SEQUENCE; Schema: public; Owner: postgres
--

ALTER TABLE public.upload_department ALTER COLUMN id ADD GENERATED BY DEFAULT AS IDENTITY (
    SEQUENCE NAME public.upload_department_id_seq
    START WITH 1
    INCREMENT BY 1
    NO MINVALUE
    NO MAXVALUE
    CACHE 1
);


--
-- Name: upload_division; Type: TABLE; Schema: public; Owner: postgres
--

CREATE TABLE public.upload_division (
    id bigint NOT NULL,
    name character varying(255) NOT NULL,
    department_id bigint NOT NULL
);


ALTER TABLE public.upload_division OWNER TO postgres;

--
-- Name: upload_division_id_seq; Type: SEQUENCE; Schema: public; Owner: postgres
--

ALTER TABLE public.upload_division ALTER COLUMN id ADD GENERATED BY DEFAULT AS IDENTITY (
    SEQUENCE NAME public.upload_division_id_seq
    START WITH 1
    INCREMENT BY 1
    NO MINVALUE
    NO MAXVALUE
    CACHE 1
);


--
-- Name: upload_document; Type: TABLE; Schema: public; Owner: postgres
--

CREATE TABLE public.upload_document (
    id bigint NOT NULL,
    title character varying(100) NOT NULL,
    docfile character varying(100),
    status character varying(15) NOT NULL,
    last_modified timestamp with time zone NOT NULL,
    rating integer NOT NULL,
    category_id bigint NOT NULL,
    department_id bigint NOT NULL,
    user_id bigint NOT NULL,
    status_change_date date
);


ALTER TABLE public.upload_document OWNER TO postgres;

--
-- Name: upload_document_id_seq; Type: SEQUENCE; Schema: public; Owner: postgres
--

ALTER TABLE public.upload_document ALTER COLUMN id ADD GENERATED BY DEFAULT AS IDENTITY (
    SEQUENCE NAME public.upload_document_id_seq
    START WITH 1
    INCREMENT BY 1
    NO MINVALUE
    NO MAXVALUE
    CACHE 1
);


--
-- Name: upload_engagement; Type: TABLE; Schema: public; Owner: postgres
--

CREATE TABLE public.upload_engagement (
    id bigint NOT NULL,
    retweets integer NOT NULL,
    likes integer NOT NULL,
    replies integer NOT NULL,
    updated_at timestamp with time zone NOT NULL,
    tweet_id bigint NOT NULL,
    CONSTRAINT upload_engagement_likes_check CHECK ((likes >= 0)),
    CONSTRAINT upload_engagement_replies_check CHECK ((replies >= 0)),
    CONSTRAINT upload_engagement_retweets_check CHECK ((retweets >= 0))
);


ALTER TABLE public.upload_engagement OWNER TO postgres;

--
-- Name: upload_engagement_id_seq; Type: SEQUENCE; Schema: public; Owner: postgres
--

ALTER TABLE public.upload_engagement ALTER COLUMN id ADD GENERATED BY DEFAULT AS IDENTITY (
    SEQUENCE NAME public.upload_engagement_id_seq
    START WITH 1
    INCREMENT BY 1
    NO MINVALUE
    NO MAXVALUE
    CACHE 1
);


--
-- Name: upload_event; Type: TABLE; Schema: public; Owner: postgres
--

CREATE TABLE public.upload_event (
    id bigint NOT NULL,
    title character varying(200) NOT NULL,
    description text NOT NULL,
    start_time timestamp with time zone NOT NULL,
    end_time timestamp with time zone NOT NULL,
    created_by_id bigint NOT NULL,
    department_id bigint
);


ALTER TABLE public.upload_event OWNER TO postgres;

--
-- Name: upload_image; Type: TABLE; Schema: public; Owner: postgres
--

CREATE TABLE public.upload_image (
    id bigint NOT NULL,
    title character varying(100) NOT NULL,
    image character varying(100),
    status character varying(15) NOT NULL,
    rating integer NOT NULL,
    dated date NOT NULL,
    category_id bigint NOT NULL,
    department_id bigint NOT NULL,
    user_id bigint NOT NULL,
    status_change_date date
);


ALTER TABLE public.upload_image OWNER TO postgres;

--
-- Name: upload_image_id_seq; Type: SEQUENCE; Schema: public; Owner: postgres
--

ALTER TABLE public.upload_image ALTER COLUMN id ADD GENERATED BY DEFAULT AS IDENTITY (
    SEQUENCE NAME public.upload_image_id_seq
    START WITH 1
    INCREMENT BY 1
    NO MINVALUE
    NO MAXVALUE
    CACHE 1
);


--
-- Name: upload_image_tags; Type: TABLE; Schema: public; Owner: postgres
--

CREATE TABLE public.upload_image_tags (
    id bigint NOT NULL,
    image_id bigint NOT NULL,
    tag_id bigint NOT NULL
);


ALTER TABLE public.upload_image_tags OWNER TO postgres;

--
-- Name: upload_image_tags_id_seq; Type: SEQUENCE; Schema: public; Owner: postgres
--

ALTER TABLE public.upload_image_tags ALTER COLUMN id ADD GENERATED BY DEFAULT AS IDENTITY (
    SEQUENCE NAME public.upload_image_tags_id_seq
    START WITH 1
    INCREMENT BY 1
    NO MINVALUE
    NO MAXVALUE
    CACHE 1
);


--
-- Name: upload_instagramcredentials; Type: TABLE; Schema: public; Owner: postgres
--

CREATE TABLE public.upload_instagramcredentials (
    id bigint NOT NULL,
    access_token character varying(255) NOT NULL,
    instagram_account_id character varying(255) NOT NULL,
    long_lived_token character varying(255)
);


ALTER TABLE public.upload_instagramcredentials OWNER TO postgres;

--
-- Name: upload_instagramcredentials_id_seq; Type: SEQUENCE; Schema: public; Owner: postgres
--

ALTER TABLE public.upload_instagramcredentials ALTER COLUMN id ADD GENERATED BY DEFAULT AS IDENTITY (
    SEQUENCE NAME public.upload_instagramcredentials_id_seq
    START WITH 1
    INCREMENT BY 1
    NO MINVALUE
    NO MAXVALUE
    CACHE 1
);


--
-- Name: upload_link; Type: TABLE; Schema: public; Owner: postgres
--

CREATE TABLE public.upload_link (
    id bigint NOT NULL,
    title character varying(255),
    description character varying(255) NOT NULL,
    type character varying(20) NOT NULL,
    image character varying(100),
    link character varying(200),
    created_at timestamp with time zone NOT NULL,
    status character varying(15) NOT NULL,
    rating integer NOT NULL,
    category_id bigint NOT NULL,
    department_id bigint NOT NULL,
    user_id bigint NOT NULL
);


ALTER TABLE public.upload_link OWNER TO postgres;

--
-- Name: upload_link_id_seq; Type: SEQUENCE; Schema: public; Owner: postgres
--

ALTER TABLE public.upload_link ALTER COLUMN id ADD GENERATED BY DEFAULT AS IDENTITY (
    SEQUENCE NAME public.upload_link_id_seq
    START WITH 1
    INCREMENT BY 1
    NO MINVALUE
    NO MAXVALUE
    CACHE 1
);


--
-- Name: upload_message; Type: TABLE; Schema: public; Owner: postgres
--

CREATE TABLE public.upload_message (
    id bigint NOT NULL,
    content text NOT NULL,
    "timestamp" timestamp with time zone NOT NULL,
    conversation_id bigint NOT NULL,
    sender_id bigint NOT NULL,
    edited boolean NOT NULL,
    read boolean NOT NULL,
    receiver_id bigint NOT NULL
);


ALTER TABLE public.upload_message OWNER TO postgres;

--
-- Name: upload_message_id_seq; Type: SEQUENCE; Schema: public; Owner: postgres
--

ALTER TABLE public.upload_message ALTER COLUMN id ADD GENERATED BY DEFAULT AS IDENTITY (
    SEQUENCE NAME public.upload_message_id_seq
    START WITH 1
    INCREMENT BY 1
    NO MINVALUE
    NO MAXVALUE
    CACHE 1
);


--
-- Name: upload_mom; Type: TABLE; Schema: public; Owner: postgres
--

CREATE TABLE public.upload_mom (
    sn_number integer NOT NULL,
    title character varying(255) NOT NULL,
    created_at timestamp with time zone NOT NULL,
    updated_at timestamp with time zone NOT NULL
);


ALTER TABLE public.upload_mom OWNER TO postgres;

--
-- Name: upload_mom_sn_number_seq; Type: SEQUENCE; Schema: public; Owner: postgres
--

ALTER TABLE public.upload_mom ALTER COLUMN sn_number ADD GENERATED BY DEFAULT AS IDENTITY (
    SEQUENCE NAME public.upload_mom_sn_number_seq
    START WITH 1
    INCREMENT BY 1
    NO MINVALUE
    NO MAXVALUE
    CACHE 1
);


--
-- Name: upload_momrow; Type: TABLE; Schema: public; Owner: postgres
--

CREATE TABLE public.upload_momrow (
    id bigint NOT NULL,
    sn_number character varying(100) NOT NULL,
    discussion_points text NOT NULL,
    discussion_lead character varying(255) NOT NULL,
    contributors text NOT NULL,
    tentative_dates text NOT NULL,
    decision_taken text NOT NULL,
    action_items text NOT NULL,
    status character varying(50) NOT NULL,
    comments_notes text NOT NULL,
    priority_level character varying(50) NOT NULL,
    impact text NOT NULL,
    follow_up_required boolean NOT NULL,
    completion_percentage numeric(5,2) NOT NULL,
    mom_id integer NOT NULL,
    responsible_person_id bigint NOT NULL
);


ALTER TABLE public.upload_momrow OWNER TO postgres;

--
-- Name: upload_momrow_id_seq; Type: SEQUENCE; Schema: public; Owner: postgres
--

ALTER TABLE public.upload_momrow ALTER COLUMN id ADD GENERATED BY DEFAULT AS IDENTITY (
    SEQUENCE NAME public.upload_momrow_id_seq
    START WITH 1
    INCREMENT BY 1
    NO MINVALUE
    NO MAXVALUE
    CACHE 1
);


--
-- Name: upload_notification; Type: TABLE; Schema: public; Owner: postgres
--

CREATE TABLE public.upload_notification (
    id bigint NOT NULL,
    message text NOT NULL,
    created_at timestamp with time zone NOT NULL,
    "timestamp" timestamp with time zone NOT NULL,
    read boolean NOT NULL,
    user_id bigint NOT NULL
);


ALTER TABLE public.upload_notification OWNER TO postgres;

--
-- Name: upload_notification_id_seq; Type: SEQUENCE; Schema: public; Owner: postgres
--

ALTER TABLE public.upload_notification ALTER COLUMN id ADD GENERATED BY DEFAULT AS IDENTITY (
    SEQUENCE NAME public.upload_notification_id_seq
    START WITH 1
    INCREMENT BY 1
    NO MINVALUE
    NO MAXVALUE
    CACHE 1
);


--
-- Name: upload_onlyevent_id_seq; Type: SEQUENCE; Schema: public; Owner: postgres
--

ALTER TABLE public.upload_event ALTER COLUMN id ADD GENERATED BY DEFAULT AS IDENTITY (
    SEQUENCE NAME public.upload_onlyevent_id_seq
    START WITH 1
    INCREMENT BY 1
    NO MINVALUE
    NO MAXVALUE
    CACHE 1
);


--
-- Name: upload_post; Type: TABLE; Schema: public; Owner: postgres
--

CREATE TABLE public.upload_post (
    id bigint NOT NULL,
    title character varying(200) NOT NULL,
    description text NOT NULL,
    author character varying(200),
    last_modified timestamp with time zone NOT NULL,
    status character varying(15) NOT NULL,
    rating integer NOT NULL,
    category_id bigint NOT NULL,
    department_id bigint NOT NULL,
    user_id bigint NOT NULL,
    status_change_date date,
    image character varying(100),
    video character varying(100)
);


ALTER TABLE public.upload_post OWNER TO postgres;

--
-- Name: upload_post_id_seq; Type: SEQUENCE; Schema: public; Owner: postgres
--

ALTER TABLE public.upload_post ALTER COLUMN id ADD GENERATED BY DEFAULT AS IDENTITY (
    SEQUENCE NAME public.upload_post_id_seq
    START WITH 1
    INCREMENT BY 1
    NO MINVALUE
    NO MAXVALUE
    CACHE 1
);


--
-- Name: upload_question; Type: TABLE; Schema: public; Owner: postgres
--

CREATE TABLE public.upload_question (
    id bigint NOT NULL,
    question_text text NOT NULL,
    question_type character varying(20) NOT NULL,
    survey_id bigint NOT NULL
);


ALTER TABLE public.upload_question OWNER TO postgres;

--
-- Name: upload_question_id_seq; Type: SEQUENCE; Schema: public; Owner: postgres
--

ALTER TABLE public.upload_question ALTER COLUMN id ADD GENERATED BY DEFAULT AS IDENTITY (
    SEQUENCE NAME public.upload_question_id_seq
    START WITH 1
    INCREMENT BY 1
    NO MINVALUE
    NO MAXVALUE
    CACHE 1
);


--
-- Name: upload_subdivision; Type: TABLE; Schema: public; Owner: postgres
--

CREATE TABLE public.upload_subdivision (
    id bigint NOT NULL,
    name character varying(255) NOT NULL,
    division_id bigint NOT NULL
);


ALTER TABLE public.upload_subdivision OWNER TO postgres;

--
-- Name: upload_subdivision_id_seq; Type: SEQUENCE; Schema: public; Owner: postgres
--

ALTER TABLE public.upload_subdivision ALTER COLUMN id ADD GENERATED BY DEFAULT AS IDENTITY (
    SEQUENCE NAME public.upload_subdivision_id_seq
    START WITH 1
    INCREMENT BY 1
    NO MINVALUE
    NO MAXVALUE
    CACHE 1
);


--
-- Name: upload_survey; Type: TABLE; Schema: public; Owner: postgres
--

CREATE TABLE public.upload_survey (
    id bigint NOT NULL,
    title character varying(255) NOT NULL,
    description text NOT NULL
);


ALTER TABLE public.upload_survey OWNER TO postgres;

--
-- Name: upload_survey_id_seq; Type: SEQUENCE; Schema: public; Owner: postgres
--

ALTER TABLE public.upload_survey ALTER COLUMN id ADD GENERATED BY DEFAULT AS IDENTITY (
    SEQUENCE NAME public.upload_survey_id_seq
    START WITH 1
    INCREMENT BY 1
    NO MINVALUE
    NO MAXVALUE
    CACHE 1
);


--
-- Name: upload_tag; Type: TABLE; Schema: public; Owner: postgres
--

CREATE TABLE public.upload_tag (
    id bigint NOT NULL,
    name character varying(50) NOT NULL
);


ALTER TABLE public.upload_tag OWNER TO postgres;

--
-- Name: upload_tag_id_seq; Type: SEQUENCE; Schema: public; Owner: postgres
--

ALTER TABLE public.upload_tag ALTER COLUMN id ADD GENERATED BY DEFAULT AS IDENTITY (
    SEQUENCE NAME public.upload_tag_id_seq
    START WITH 1
    INCREMENT BY 1
    NO MINVALUE
    NO MAXVALUE
    CACHE 1
);


--
-- Name: upload_tweet; Type: TABLE; Schema: public; Owner: postgres
--

CREATE TABLE public.upload_tweet (
    id bigint NOT NULL,
    tweet_id character varying(255) NOT NULL,
    status text NOT NULL,
    media_url character varying(200),
    created_at timestamp with time zone NOT NULL,
    retweets integer NOT NULL,
    likes integer NOT NULL,
    replies integer NOT NULL,
    user_id bigint NOT NULL,
    CONSTRAINT upload_tweet_likes_check CHECK ((likes >= 0)),
    CONSTRAINT upload_tweet_replies_check CHECK ((replies >= 0)),
    CONSTRAINT upload_tweet_retweets_check CHECK ((retweets >= 0))
);


ALTER TABLE public.upload_tweet OWNER TO postgres;

--
-- Name: upload_tweet_id_seq; Type: SEQUENCE; Schema: public; Owner: postgres
--

ALTER TABLE public.upload_tweet ALTER COLUMN id ADD GENERATED BY DEFAULT AS IDENTITY (
    SEQUENCE NAME public.upload_tweet_id_seq
    START WITH 1
    INCREMENT BY 1
    NO MINVALUE
    NO MAXVALUE
    CACHE 1
);


--
-- Name: upload_user; Type: TABLE; Schema: public; Owner: postgres
--

CREATE TABLE public.upload_user (
    id bigint NOT NULL,
    password character varying(128) NOT NULL,
    last_login timestamp with time zone,
    username character varying(150) NOT NULL,
    date_joined timestamp with time zone NOT NULL,
    profile_picture character varying(100),
    email character varying(255),
    first_name character varying(30) NOT NULL,
    last_name character varying(30) NOT NULL,
    is_active boolean NOT NULL,
    is_staff boolean NOT NULL,
    is_superuser boolean NOT NULL,
    role character varying(20) NOT NULL,
    phone_number character varying(15),
    about_me text
);


ALTER TABLE public.upload_user OWNER TO postgres;

--
-- Name: upload_user_departments; Type: TABLE; Schema: public; Owner: postgres
--

CREATE TABLE public.upload_user_departments (
    id bigint NOT NULL,
    user_id bigint NOT NULL,
    department_id bigint NOT NULL
);


ALTER TABLE public.upload_user_departments OWNER TO postgres;

--
-- Name: upload_user_departments_id_seq; Type: SEQUENCE; Schema: public; Owner: postgres
--

ALTER TABLE public.upload_user_departments ALTER COLUMN id ADD GENERATED BY DEFAULT AS IDENTITY (
    SEQUENCE NAME public.upload_user_departments_id_seq
    START WITH 1
    INCREMENT BY 1
    NO MINVALUE
    NO MAXVALUE
    CACHE 1
);


--
-- Name: upload_user_divisions; Type: TABLE; Schema: public; Owner: postgres
--

CREATE TABLE public.upload_user_divisions (
    id bigint NOT NULL,
    user_id bigint NOT NULL,
    division_id bigint NOT NULL
);


ALTER TABLE public.upload_user_divisions OWNER TO postgres;

--
-- Name: upload_user_divisions_id_seq; Type: SEQUENCE; Schema: public; Owner: postgres
--

ALTER TABLE public.upload_user_divisions ALTER COLUMN id ADD GENERATED BY DEFAULT AS IDENTITY (
    SEQUENCE NAME public.upload_user_divisions_id_seq
    START WITH 1
    INCREMENT BY 1
    NO MINVALUE
    NO MAXVALUE
    CACHE 1
);


--
-- Name: upload_user_groups; Type: TABLE; Schema: public; Owner: postgres
--

CREATE TABLE public.upload_user_groups (
    id bigint NOT NULL,
    user_id bigint NOT NULL,
    group_id integer NOT NULL
);


ALTER TABLE public.upload_user_groups OWNER TO postgres;

--
-- Name: upload_user_groups_id_seq; Type: SEQUENCE; Schema: public; Owner: postgres
--

ALTER TABLE public.upload_user_groups ALTER COLUMN id ADD GENERATED BY DEFAULT AS IDENTITY (
    SEQUENCE NAME public.upload_user_groups_id_seq
    START WITH 1
    INCREMENT BY 1
    NO MINVALUE
    NO MAXVALUE
    CACHE 1
);


--
-- Name: upload_user_id_seq; Type: SEQUENCE; Schema: public; Owner: postgres
--

ALTER TABLE public.upload_user ALTER COLUMN id ADD GENERATED BY DEFAULT AS IDENTITY (
    SEQUENCE NAME public.upload_user_id_seq
    START WITH 1
    INCREMENT BY 1
    NO MINVALUE
    NO MAXVALUE
    CACHE 1
);


--
-- Name: upload_user_subdivisions; Type: TABLE; Schema: public; Owner: postgres
--

CREATE TABLE public.upload_user_subdivisions (
    id bigint NOT NULL,
    user_id bigint NOT NULL,
    subdivision_id bigint NOT NULL
);


ALTER TABLE public.upload_user_subdivisions OWNER TO postgres;

--
-- Name: upload_user_subdivisions_id_seq; Type: SEQUENCE; Schema: public; Owner: postgres
--

ALTER TABLE public.upload_user_subdivisions ALTER COLUMN id ADD GENERATED BY DEFAULT AS IDENTITY (
    SEQUENCE NAME public.upload_user_subdivisions_id_seq
    START WITH 1
    INCREMENT BY 1
    NO MINVALUE
    NO MAXVALUE
    CACHE 1
);


--
-- Name: upload_user_user_permissions; Type: TABLE; Schema: public; Owner: postgres
--

CREATE TABLE public.upload_user_user_permissions (
    id bigint NOT NULL,
    user_id bigint NOT NULL,
    permission_id integer NOT NULL
);


ALTER TABLE public.upload_user_user_permissions OWNER TO postgres;

--
-- Name: upload_user_user_permissions_id_seq; Type: SEQUENCE; Schema: public; Owner: postgres
--

ALTER TABLE public.upload_user_user_permissions ALTER COLUMN id ADD GENERATED BY DEFAULT AS IDENTITY (
    SEQUENCE NAME public.upload_user_user_permissions_id_seq
    START WITH 1
    INCREMENT BY 1
    NO MINVALUE
    NO MAXVALUE
    CACHE 1
);


--
-- Name: upload_useradmin; Type: TABLE; Schema: public; Owner: postgres
--

CREATE TABLE public.upload_useradmin (
    id bigint NOT NULL,
    useradmin_id character varying(10) NOT NULL,
    user_id bigint NOT NULL
);


ALTER TABLE public.upload_useradmin OWNER TO postgres;

--
-- Name: upload_useradmin_id_seq; Type: SEQUENCE; Schema: public; Owner: postgres
--

ALTER TABLE public.upload_useradmin ALTER COLUMN id ADD GENERATED BY DEFAULT AS IDENTITY (
    SEQUENCE NAME public.upload_useradmin_id_seq
    START WITH 1
    INCREMENT BY 1
    NO MINVALUE
    NO MAXVALUE
    CACHE 1
);


--
-- Name: upload_video; Type: TABLE; Schema: public; Owner: postgres
--

CREATE TABLE public.upload_video (
    id bigint NOT NULL,
    title character varying(100) NOT NULL,
    video character varying(100),
    status character varying(15) NOT NULL,
    rating integer NOT NULL,
    dated date NOT NULL,
    status_change_date date,
    category_id bigint NOT NULL,
    department_id bigint NOT NULL,
    user_id bigint NOT NULL
);


ALTER TABLE public.upload_video OWNER TO postgres;

--
-- Name: upload_video_id_seq; Type: SEQUENCE; Schema: public; Owner: postgres
--

ALTER TABLE public.upload_video ALTER COLUMN id ADD GENERATED BY DEFAULT AS IDENTITY (
    SEQUENCE NAME public.upload_video_id_seq
    START WITH 1
    INCREMENT BY 1
    NO MINVALUE
    NO MAXVALUE
    CACHE 1
);


--
-- Name: upload_video_tags; Type: TABLE; Schema: public; Owner: postgres
--

CREATE TABLE public.upload_video_tags (
    id bigint NOT NULL,
    video_id bigint NOT NULL,
    tag_id bigint NOT NULL
);


ALTER TABLE public.upload_video_tags OWNER TO postgres;

--
-- Name: upload_video_tags_id_seq; Type: SEQUENCE; Schema: public; Owner: postgres
--

ALTER TABLE public.upload_video_tags ALTER COLUMN id ADD GENERATED BY DEFAULT AS IDENTITY (
    SEQUENCE NAME public.upload_video_tags_id_seq
    START WITH 1
    INCREMENT BY 1
    NO MINVALUE
    NO MAXVALUE
    CACHE 1
);


--
-- Data for Name: auth_group; Type: TABLE DATA; Schema: public; Owner: postgres
--

COPY public.auth_group (id, name) FROM stdin;
\.


--
-- Data for Name: auth_group_permissions; Type: TABLE DATA; Schema: public; Owner: postgres
--

COPY public.auth_group_permissions (id, group_id, permission_id) FROM stdin;
\.


--
-- Data for Name: auth_permission; Type: TABLE DATA; Schema: public; Owner: postgres
--

COPY public.auth_permission (id, name, content_type_id, codename) FROM stdin;
1	Can add log entry	1	add_logentry
2	Can change log entry	1	change_logentry
3	Can delete log entry	1	delete_logentry
4	Can view log entry	1	view_logentry
5	Can add permission	2	add_permission
6	Can change permission	2	change_permission
7	Can delete permission	2	delete_permission
8	Can view permission	2	view_permission
9	Can add group	3	add_group
10	Can change group	3	change_group
11	Can delete group	3	delete_group
12	Can view group	3	view_group
13	Can add content type	4	add_contenttype
14	Can change content type	4	change_contenttype
15	Can delete content type	4	delete_contenttype
16	Can view content type	4	view_contenttype
17	Can add session	5	add_session
18	Can change session	5	change_session
19	Can delete session	5	delete_session
20	Can view session	5	view_session
21	Can add category	6	add_category
22	Can change category	6	change_category
23	Can delete category	6	delete_category
24	Can view category	6	view_category
25	Can add department	7	add_department
26	Can change department	7	change_department
27	Can delete department	7	delete_department
28	Can view department	7	view_department
29	Can add mo m	8	add_mom
30	Can change mo m	8	change_mom
31	Can delete mo m	8	delete_mom
32	Can view mo m	8	view_mom
33	Can add survey	9	add_survey
34	Can change survey	9	change_survey
35	Can delete survey	9	delete_survey
36	Can view survey	9	view_survey
37	Can add tag	10	add_tag
38	Can change tag	10	change_tag
39	Can delete tag	10	delete_tag
40	Can view tag	10	view_tag
41	Can add user	11	add_user
42	Can change user	11	change_user
43	Can delete user	11	delete_user
44	Can view user	11	view_user
45	Can add image	11	can_add_image
46	Can add document	11	can_add_document
47	Can add post	11	can_add_post
48	Can add content	12	add_content
49	Can change content	12	change_content
50	Can delete content	12	delete_content
51	Can view content	12	view_content
52	Can add document	13	add_document
53	Can change document	13	change_document
54	Can delete document	13	delete_document
55	Can view document	13	view_document
56	Can add link	14	add_link
57	Can change link	14	change_link
58	Can delete link	14	delete_link
59	Can view link	14	view_link
60	Can add notification	15	add_notification
61	Can change notification	15	change_notification
62	Can delete notification	15	delete_notification
63	Can view notification	15	view_notification
64	Can add only event	16	add_onlyevent
65	Can change only event	16	change_onlyevent
66	Can delete only event	16	delete_onlyevent
67	Can view only event	16	view_onlyevent
68	Can add post	17	add_post
69	Can change post	17	change_post
70	Can delete post	17	delete_post
71	Can view post	17	view_post
72	Can add question	18	add_question
73	Can change question	18	change_question
74	Can delete question	18	delete_question
75	Can view question	18	view_question
76	Can add image	19	add_image
77	Can change image	19	change_image
78	Can delete image	19	delete_image
79	Can view image	19	view_image
80	Can add useradmin	20	add_useradmin
81	Can change useradmin	20	change_useradmin
82	Can delete useradmin	20	delete_useradmin
83	Can view useradmin	20	view_useradmin
84	Can add mo m row	21	add_momrow
85	Can change mo m row	21	change_momrow
86	Can delete mo m row	21	delete_momrow
87	Can view mo m row	21	view_momrow
88	Can add Token	22	add_token
89	Can change Token	22	change_token
90	Can delete Token	22	delete_token
91	Can view Token	22	view_token
92	Can add Token	23	add_tokenproxy
93	Can change Token	23	change_tokenproxy
94	Can delete Token	23	delete_tokenproxy
95	Can view Token	23	view_tokenproxy
96	Can add tweet	24	add_tweet
97	Can change tweet	24	change_tweet
98	Can delete tweet	24	delete_tweet
99	Can view tweet	24	view_tweet
100	Can add engagement	25	add_engagement
101	Can change engagement	25	change_engagement
102	Can delete engagement	25	delete_engagement
103	Can view engagement	25	view_engagement
104	Can add instagram credentials	26	add_instagramcredentials
105	Can change instagram credentials	26	change_instagramcredentials
106	Can delete instagram credentials	26	delete_instagramcredentials
107	Can view instagram credentials	26	view_instagramcredentials
108	Can add message	27	add_message
109	Can change message	27	change_message
110	Can delete message	27	delete_message
111	Can view message	27	view_message
112	Can add conversation	28	add_conversation
113	Can change conversation	28	change_conversation
114	Can delete conversation	28	delete_conversation
115	Can view conversation	28	view_conversation
116	Can add video	29	add_video
117	Can change video	29	change_video
118	Can delete video	29	delete_video
119	Can view video	29	view_video
120	Can add video	11	can_add_video
121	Can add event	16	add_event
122	Can change event	16	change_event
123	Can delete event	16	delete_event
124	Can view event	16	view_event
125	Can add division	30	add_division
126	Can change division	30	change_division
127	Can delete division	30	delete_division
128	Can view division	30	view_division
129	Can add sub division	31	add_subdivision
130	Can change sub division	31	change_subdivision
131	Can delete sub division	31	delete_subdivision
132	Can view sub division	31	view_subdivision
\.


--
-- Data for Name: authtoken_token; Type: TABLE DATA; Schema: public; Owner: postgres
--

COPY public.authtoken_token (key, created, user_id) FROM stdin;
\.


--
-- Data for Name: django_admin_log; Type: TABLE DATA; Schema: public; Owner: postgres
--

COPY public.django_admin_log (id, action_time, object_id, object_repr, action_flag, change_message, content_type_id, user_id) FROM stdin;
1	2024-07-24 22:49:22.765462+05:30	1	Super d	1	[{"added": {}}]	7	1
2	2024-07-24 22:49:36.043207+05:30	1	Super Department	2	[{"changed": {"fields": ["Name"]}}]	7	1
3	2024-07-24 22:50:06.12719+05:30	1	Super Admin	2	[{"changed": {"fields": ["First name", "Last name", "Role"]}}]	11	1
4	2024-07-24 23:51:53.939294+05:30	1	Super Admin	2	[{"changed": {"fields": ["Departments"]}}]	11	1
5	2024-07-24 23:53:54.128696+05:30	2	DOT	1	[{"added": {}}]	7	1
6	2024-07-24 23:59:38.65523+05:30	1	Urban	1	[{"added": {}}]	6	1
7	2024-07-24 23:59:47.218198+05:30	2	Rural	1	[{"added": {}}]	6	1
8	2024-07-25 00:00:04.846148+05:30	3	Incredible India	1	[{"added": {}}]	6	1
9	2024-07-25 00:00:12.608765+05:30	4	Tourism	1	[{"added": {}}]	6	1
10	2024-07-25 13:27:21.945938+05:30	1	Hello Message	1	[{"added": {}}]	17	1
11	2024-07-25 13:29:20.184191+05:30	1	Hello Message	2	[{"changed": {"fields": ["Status"]}}]	17	1
12	2024-07-25 20:48:52.058898+05:30	2	Incredible India	1	[{"added": {}}]	17	1
13	2024-07-26 09:18:24.822539+05:30	2	Home	1	[{"added": {}}]	19	1
14	2024-07-26 09:19:16.467025+05:30	1	Delhi	2	[{"changed": {"fields": ["Image"]}}]	19	1
15	2024-07-26 16:32:17.390409+05:30	1	Delhi	3		19	1
16	2024-07-26 16:32:44.095931+05:30	3	WaterFall	1	[{"added": {}}]	19	1
17	2024-07-26 16:34:15.933445+05:30	4	Incredible India	1	[{"added": {}}]	19	1
18	2024-08-12 17:45:43.846379+05:30	1	Message object (1)	1	[{"added": {}}]	27	1
19	2024-08-12 20:45:22.297602+05:30	1	Conversation object (1)	2	[{"changed": {"fields": ["Participants"]}}]	28	1
20	2024-08-12 20:45:37.690815+05:30	4	Conversation object (4)	3		28	1
21	2024-08-12 20:45:37.692748+05:30	3	Conversation object (3)	3		28	1
22	2024-08-12 20:45:37.692748+05:30	2	Conversation object (2)	3		28	1
23	2024-08-14 16:25:28.594002+05:30	4	Incredible India	2	[{"changed": {"fields": ["Tags"]}}]	19	1
24	2024-08-14 16:26:11.938094+05:30	1	#delhi	2	[{"changed": {"fields": ["Name"]}}]	10	1
25	2024-08-15 13:37:12.34208+05:30	6	arjun	2	[{"changed": {"fields": ["Image"]}}]	19	1
26	2024-08-15 16:59:19.004094+05:30	3	Tourism	1	[{"added": {}}]	7	1
27	2024-08-15 16:59:33.531716+05:30	6	arjun	2	[{"changed": {"fields": ["Department"]}}]	19	1
28	2024-08-16 00:55:29.701483+05:30	8	sddsgh	3		19	1
29	2024-08-16 00:55:29.70766+05:30	7	sdds	3		19	1
30	2024-08-16 00:59:21.136447+05:30	3	 	1	[{"added": {}}]	11	1
31	2024-08-16 00:59:56.42396+05:30	3	DOT Admin	2	[{"changed": {"fields": ["First name", "Last name", "Email"]}}]	11	1
32	2024-08-16 10:49:45.04202+05:30	1	hello	1	[{"added": {}}]	13	1
33	2024-08-16 18:41:58.107864+05:30	10	sddsgh	3		19	1
34	2024-08-16 19:04:43.267324+05:30	2	sddsgh	3		13	1
35	2024-08-16 19:07:23.83483+05:30	3	sddsghFF	3		13	1
36	2024-08-16 19:09:02.7349+05:30	4	sdsdsdsdds	3		13	1
37	2024-08-16 20:33:46.050307+05:30	8	arjun - Your Image has been rejected.	3		15	1
38	2024-08-16 20:33:46.055923+05:30	7	arjun - Your Image has been rejected.	3		15	1
39	2024-08-16 20:33:46.058234+05:30	6	admin - New image uploaded by admin	3		15	1
40	2024-08-16 20:33:46.059233+05:30	5	arjun - Your Image has been approved.	3		15	1
41	2024-08-16 20:33:46.06023+05:30	4	arjun - Your Image has been rejected.	3		15	1
42	2024-08-16 20:33:46.061234+05:30	3	arjun - Your Image has been rejected.	3		15	1
43	2024-08-16 20:33:46.062232+05:30	2	arjun - Your Image has been approved.	3		15	1
44	2024-08-16 20:33:46.063244+05:30	1	admin - New image uploaded by arjun	3		15	1
45	2024-08-16 20:54:09.631757+05:30	2	Arjun Singh	2	[]	11	1
46	2024-08-16 21:06:42.072736+05:30	2	Arjun Singh	2	[{"changed": {"fields": ["Profile picture"]}}]	11	1
47	2024-08-17 09:58:02.672821+05:30	24	admin - New image uploaded by admin	3		15	1
48	2024-08-17 09:58:02.686074+05:30	23	admin - Your Image has been rejected.	3		15	1
49	2024-08-17 09:58:02.688068+05:30	22	arjun - Your Image has been rejected.	3		15	1
50	2024-08-17 09:58:02.690069+05:30	21	admin - Your Image has been approved.	3		15	1
51	2024-08-17 09:58:02.690569+05:30	20	arjun - Your Image has been approved.	3		15	1
52	2024-08-17 09:58:02.692689+05:30	19	admin - New Document uploaded by admin	3		15	1
53	2024-08-17 09:58:02.693196+05:30	18	admin - New Document uploaded by admin	3		15	1
54	2024-08-17 09:58:02.695298+05:30	17	admin - New Document uploaded by admin	3		15	1
55	2024-08-17 09:58:02.696317+05:30	16	admin - New Document uploaded by admin	3		15	1
56	2024-08-17 09:58:02.698339+05:30	15	admin - New Document uploaded by admin	3		15	1
57	2024-08-17 09:58:02.699481+05:30	14	admin - New image uploaded by admin	3		15	1
58	2024-08-17 09:58:02.701302+05:30	13	arjun - Your Document has been approved.	3		15	1
59	2024-08-17 09:58:02.702569+05:30	12	admin - New image uploaded by admin	3		15	1
60	2024-08-17 09:58:02.703971+05:30	11	admin - New image uploaded by admin	3		15	1
61	2024-08-17 09:58:02.705425+05:30	10	admin - New image uploaded by admin	3		15	1
62	2024-08-17 09:58:02.707216+05:30	9	arjun - Your Image has been approved.	3		15	1
63	2024-08-18 23:39:57.155758+05:30	4	 	1	[{"added": {}}]	11	1
64	2024-08-18 23:40:42.441536+05:30	4	Arjun Singh	2	[{"changed": {"fields": ["First name", "Last name", "Email"]}}]	11	1
65	2024-08-19 22:08:10.82119+05:30	14	hello	2	[{"changed": {"fields": ["Status"]}}]	19	1
66	2024-08-19 22:15:03.663752+05:30	4	uil	3		7	1
67	2024-08-19 23:16:29.688428+05:30	4	Arjun Singh	2	[{"changed": {"fields": ["Profile picture"]}}]	11	1
68	2024-08-20 11:53:21.294305+05:30	8	sddsfdf	2	[{"changed": {"fields": ["Status change date"]}}]	13	1
69	2024-08-20 11:55:16.325906+05:30	8	sddsfdf	2	[{"changed": {"fields": ["Status change date"]}}]	13	1
70	2024-08-20 11:56:07.601683+05:30	22	Perfect	2	[{"changed": {"fields": ["Status change date"]}}]	19	1
71	2024-08-20 11:56:43.299421+05:30	22	Perfect	2	[{"changed": {"fields": ["Status change date"]}}]	19	1
72	2024-08-20 12:07:03.711951+05:30	22	Perfect	2	[{"changed": {"fields": ["Status change date"]}}]	19	1
73	2024-08-20 12:10:04.49598+05:30	8	sddsfdf	2	[{"changed": {"fields": ["Status change date"]}}]	13	1
74	2024-08-20 13:51:53.293296+05:30	6	sd sd	3		11	1
75	2024-08-20 13:51:53.311015+05:30	5	sd sdsd	3		11	1
76	2024-08-20 14:14:14.867213+05:30	7	sdds dssd	3		11	1
77	2024-08-20 14:14:14.875443+05:30	8	sdds dssd	3		11	1
78	2024-08-20 14:22:44.878652+05:30	9	sdds dssd	3		11	1
79	2024-08-20 15:06:36.070643+05:30	23	Perfect	2	[{"changed": {"fields": ["Status change date"]}}]	19	1
80	2024-08-20 15:06:54.212716+05:30	23	Incredible India	2	[{"changed": {"fields": ["Title", "Status"]}}]	19	1
81	2024-08-20 17:40:28.812527+05:30	14	hello	2	[{"changed": {"fields": ["Status", "Status change date"]}}]	19	1
82	2024-08-20 23:45:31.043809+05:30	75	admin - New video uploaded by admin	3		15	1
83	2024-08-20 23:45:31.063963+05:30	74	admin - Your image "hello" has been rejected.	3		15	1
84	2024-08-20 23:45:31.063963+05:30	73	admin - Your image "Incredible India" has been rejected.	3		15	1
85	2024-08-20 23:45:31.063963+05:30	72	admin - Your Post "Namaste" has been approved.	3		15	1
86	2024-08-20 23:45:31.063963+05:30	71	admin - Your Document "fdew" has been rejected.	3		15	1
87	2024-08-20 23:45:31.063963+05:30	70	admin - Your Document "{document.title}" has been approved.	3		15	1
88	2024-08-20 23:45:31.063963+05:30	69	admin - Your Document "{documents.title}" has been rejected.	3		15	1
89	2024-08-20 23:45:31.063963+05:30	68	admin - Your image "sddsgh" has been rejected.	3		15	1
90	2024-08-20 23:45:31.063963+05:30	67	admin - Your image "sddsgh" has been approved.	3		15	1
91	2024-08-20 23:45:31.063963+05:30	66	admin - New image uploaded by admin	3		15	1
92	2024-08-20 23:45:31.063963+05:30	65	admin - Your image "Perfect" has been approved.	3		15	1
93	2024-08-20 23:45:31.063963+05:30	64	admin - Your image "Perfect" has been rejected.	3		15	1
94	2024-08-20 23:45:31.079732+05:30	63	admin - Your image "Perfect" has been approved.	3		15	1
95	2024-08-20 23:45:31.081246+05:30	62	admin - Your Document "{documents.title}" has been approved.	3		15	1
96	2024-08-20 23:45:31.081246+05:30	61	admin - Your Document "{documents.title}" has been rejected.	3		15	1
97	2024-08-20 23:45:31.081246+05:30	60	admin - New Document uploaded by admin	3		15	1
98	2024-08-20 23:45:31.084304+05:30	59	admin - Your Document "{documents.title}" has been approved.	3		15	1
99	2024-08-20 23:45:31.084304+05:30	58	admin - Your Document "{documents.title}" has been rejected.	3		15	1
100	2024-08-20 23:45:31.084304+05:30	57	admin - Your Document "{documents.title}" has been approved.	3		15	1
101	2024-08-20 23:45:31.084304+05:30	56	admin - Your Document "{documents.title}" has been approved.	3		15	1
102	2024-08-20 23:45:31.084304+05:30	55	admin - New image uploaded by admin	3		15	1
103	2024-08-20 23:45:31.084304+05:30	54	admin - New image uploaded by admin	3		15	1
104	2024-08-20 23:45:31.084304+05:30	53	admin - New image uploaded by admin	3		15	1
105	2024-08-20 23:45:31.084304+05:30	52	admin - New image uploaded by admin	3		15	1
106	2024-08-20 23:45:31.095785+05:30	51	admin - New image uploaded by admin	3		15	1
107	2024-08-20 23:45:31.095785+05:30	50	admin - New image uploaded by admin	3		15	1
108	2024-08-20 23:45:31.095785+05:30	49	admin - New image uploaded by admin	3		15	1
109	2024-08-20 23:45:31.098728+05:30	48	admin - New image uploaded by admin	3		15	1
110	2024-08-20 23:45:31.098728+05:30	47	admin - New Post by admin	3		15	1
111	2024-08-20 23:45:31.098728+05:30	46	admin - Your image "hello" has been rejected.	3		15	1
112	2024-08-20 23:45:31.098728+05:30	45	admin - Your Image has been approved.	3		15	1
113	2024-08-20 23:45:31.104718+05:30	44	admin - Your Image has been rejected.	3		15	1
114	2024-08-20 23:45:31.104718+05:30	43	admin - Your Image has been approved.	3		15	1
115	2024-08-20 23:45:31.107458+05:30	42	admin - Your Image has been rejected.	3		15	1
116	2024-08-20 23:45:31.109423+05:30	41	admin - Your Image has been approved.	3		15	1
117	2024-08-20 23:45:31.109423+05:30	40	admin - Your Image has been rejected.	3		15	1
118	2024-08-20 23:45:31.109423+05:30	39	admin - Your Image has been approved.	3		15	1
119	2024-08-20 23:45:31.109423+05:30	38	admin - Your Document has been rejected.	3		15	1
120	2024-08-20 23:45:31.109423+05:30	37	admin - Your Document has been approved.	3		15	1
121	2024-08-20 23:45:31.109423+05:30	36	admin - New Document uploaded by admin	3		15	1
122	2024-08-20 23:45:31.109423+05:30	35	admin - Your Image has been rejected.	3		15	1
123	2024-08-20 23:45:31.109423+05:30	34	admin - New image uploaded by admin	3		15	1
124	2024-08-20 23:45:31.109423+05:30	33	admin - Your Image has been rejected.	3		15	1
125	2024-08-20 23:45:31.109423+05:30	32	admin - Your Image has been rejected.	3		15	1
126	2024-08-20 23:45:31.109423+05:30	30	admin - Your Image has been approved.	3		15	1
127	2024-08-20 23:45:31.125265+05:30	29	admin - New image uploaded by admin	3		15	1
128	2024-08-20 23:45:31.125265+05:30	28	admin - New Post by admin	3		15	1
129	2024-08-20 23:45:31.125265+05:30	26	admin - Your Image has been approved.	3		15	1
130	2024-08-20 23:45:31.125265+05:30	25	admin - New image uploaded by admin	3		15	1
131	2024-08-21 00:12:09.083927+05:30	11	sdds dssd	3		11	1
132	2024-08-21 00:12:09.105832+05:30	10	sdds dssd	3		11	1
133	2024-08-21 10:12:38.345466+05:30	3	DOT Admin	2	[{"changed": {"fields": ["Profile picture"]}}]	11	1
134	2024-08-21 22:18:56.592724+05:30	97	admin - New Post by admin	3		15	1
135	2024-08-21 22:18:56.599472+05:30	96	admin - New Post by admin	3		15	1
136	2024-08-21 22:18:56.600484+05:30	95	admin - New Post by admin	3		15	1
137	2024-08-21 22:18:56.603134+05:30	94	admin - New Post by admin	3		15	1
138	2024-08-21 22:18:56.603134+05:30	93	admin - New Post by admin	3		15	1
139	2024-08-21 22:18:56.603134+05:30	92	admin - New Post by admin	3		15	1
140	2024-08-21 22:18:56.603134+05:30	91	admin - New Post by admin	3		15	1
141	2024-08-21 22:18:56.603134+05:30	90	admin - New Post by admin	3		15	1
142	2024-08-21 22:18:56.608712+05:30	89	admin - New Post by admin	3		15	1
143	2024-08-21 22:18:56.60963+05:30	88	admin - New Post by admin	3		15	1
144	2024-08-21 22:18:56.60963+05:30	87	admin - New Post by admin	3		15	1
145	2024-08-21 22:18:56.60963+05:30	86	admin - New Post by admin	3		15	1
146	2024-08-21 22:18:56.614343+05:30	85	admin - New image uploaded by admin	3		15	1
147	2024-08-21 22:18:56.614343+05:30	84	admin - New image uploaded by admin	3		15	1
148	2024-08-21 22:18:56.614343+05:30	83	admin - New image uploaded by admin	3		15	1
149	2024-08-21 22:18:56.614343+05:30	82	admin - New image uploaded by admin	3		15	1
150	2024-08-21 22:18:56.614343+05:30	81	admin - Your image "hello" has been approved.	3		15	1
151	2024-08-21 22:18:56.614343+05:30	80	admin - New video uploaded by admin	3		15	1
152	2024-08-21 22:18:56.614343+05:30	79	admin - Your video "Video 3" has been approved.	3		15	1
153	2024-08-21 22:18:56.614343+05:30	78	admin - New video uploaded by admin	3		15	1
154	2024-08-21 22:18:56.614343+05:30	77	admin - New video uploaded by admin	3		15	1
155	2024-08-21 22:18:56.614343+05:30	76	admin - New video uploaded by admin	3		15	1
156	2024-08-22 11:22:58.137921+05:30	1	sfsf	1	[{"added": {}}]	14	1
157	2024-08-22 15:43:27.088843+05:30	4	dsd	2	[{"changed": {"fields": ["Link"]}}]	14	1
158	2024-08-22 18:50:49.144964+05:30	129	admin - New Post by admin	3		15	1
159	2024-08-22 18:50:49.14905+05:30	128	admin - New image uploaded by admin	3		15	1
160	2024-08-22 18:50:49.14905+05:30	127	admin - New Post by admin	3		15	1
161	2024-08-22 18:50:49.14905+05:30	126	admin - New Post by admin	3		15	1
162	2024-08-22 18:50:49.14905+05:30	125	admin - New Post by admin	3		15	1
163	2024-08-22 18:50:49.14905+05:30	124	admin - New Post by admin	3		15	1
164	2024-08-22 18:50:49.14905+05:30	123	admin - New Post by admin	3		15	1
165	2024-08-22 18:50:49.14905+05:30	122	admin - New Post by admin	3		15	1
166	2024-08-22 18:50:49.14905+05:30	121	admin - New Post by admin	3		15	1
167	2024-08-22 18:50:49.14905+05:30	120	admin - New Post by admin	3		15	1
168	2024-08-22 18:50:49.14905+05:30	119	admin - New Post by admin	3		15	1
169	2024-08-22 18:50:49.14905+05:30	118	admin - New Post by admin	3		15	1
170	2024-08-22 18:50:49.14905+05:30	117	admin - New Post by admin	3		15	1
171	2024-08-22 18:50:49.14905+05:30	116	admin - New Post by admin	3		15	1
172	2024-08-22 18:50:49.14905+05:30	115	admin - New Post by admin	3		15	1
173	2024-08-22 18:50:49.164726+05:30	114	admin - New Post by admin	3		15	1
174	2024-08-22 18:50:49.165229+05:30	113	admin - New Post by admin	3		15	1
175	2024-08-22 18:50:49.166229+05:30	112	admin - New Post by admin	3		15	1
176	2024-08-22 18:50:49.16823+05:30	111	admin - New Post by admin	3		15	1
177	2024-08-22 18:50:49.16823+05:30	110	admin - New Post by admin	3		15	1
178	2024-08-22 18:50:49.169229+05:30	109	admin - Your Link has been approved.	3		15	1
179	2024-08-22 18:50:49.170302+05:30	108	admin - New Link uploaded by admin	3		15	1
180	2024-08-22 18:50:49.170302+05:30	107	admin - New Link uploaded by admin	3		15	1
181	2024-08-22 18:50:49.170302+05:30	106	admin - New Link uploaded by admin	3		15	1
182	2024-08-22 18:50:49.170302+05:30	105	admin - New image uploaded by admin	3		15	1
183	2024-08-22 18:50:49.170302+05:30	104	admin - New Post by admin	3		15	1
184	2024-08-22 18:50:49.170302+05:30	103	admin - New Post by admin	3		15	1
185	2024-08-22 18:50:49.170302+05:30	102	admin - New Post by admin	3		15	1
186	2024-08-22 18:50:49.170302+05:30	101	admin - New Post by admin	3		15	1
187	2024-08-22 18:50:49.170302+05:30	100	admin - New Post by admin	3		15	1
188	2024-08-22 18:50:49.178375+05:30	99	admin - New Post by admin	3		15	1
189	2024-08-22 18:50:49.178375+05:30	98	admin - New Post by admin	3		15	1
190	2024-08-22 22:59:57.610521+05:30	4	Arjun Singh	2	[{"changed": {"fields": ["Role"]}}]	11	1
191	2024-08-22 23:01:12.719694+05:30	3	DOT Admin	2	[{"changed": {"fields": ["Departments"]}}]	11	1
192	2024-08-22 23:07:18.59566+05:30	4	Arjun Singh	2	[{"changed": {"fields": ["Role"]}}]	11	1
193	2024-08-23 00:03:47.24441+05:30	12	bbb ddff	3		11	1
194	2024-08-23 00:43:31.433317+05:30	13	ff ff	3		11	1
195	2024-08-23 00:49:45.694944+05:30	14	new new	3		11	1
196	2024-08-23 01:05:36.026237+05:30	15	dssd sdds	3		11	1
197	2024-08-23 01:05:36.039214+05:30	16	dssd sdds	3		11	1
198	2024-08-23 01:07:18.886252+05:30	17	dssd sdds	3		11	1
199	2024-08-23 01:10:39.365302+05:30	18	dssd sdds	3		11	1
200	2024-08-23 01:10:39.377876+05:30	19	dssd sdds	3		11	1
201	2024-08-23 01:24:14.709302+05:30	20	dssd sdds	3		11	1
202	2024-08-23 01:30:29.700421+05:30	21	hh hh	3		11	1
203	2024-08-23 01:30:29.718598+05:30	22	hh hh	3		11	1
204	2024-08-23 10:10:57.97884+05:30	23	hh hh	3		11	1
205	2024-08-23 10:10:57.990255+05:30	25	qq vv	3		11	1
206	2024-08-23 10:11:42.87956+05:30	24	cd fv	2	[{"changed": {"fields": ["Role"]}}]	11	1
207	2024-08-23 11:13:18.939612+05:30	26	qq vv	3		11	1
208	2024-08-23 11:13:18.939612+05:30	24	cd fv	3		11	1
209	2024-08-23 11:14:05.227366+05:30	11	]	3		7	1
210	2024-08-23 11:14:05.229427+05:30	10	T	3		7	1
211	2024-08-23 11:14:05.229427+05:30	9	O	3		7	1
212	2024-08-23 11:14:05.239725+05:30	8	D	3		7	1
213	2024-08-23 11:14:05.239725+05:30	7	"	3		7	1
214	2024-08-23 11:14:05.239725+05:30	6	[	3		7	1
215	2024-08-23 11:14:05.239725+05:30	5	["DOT"]	3		7	1
216	2024-08-23 11:22:58.517629+05:30	27	qq vv	3		11	1
217	2024-08-23 11:24:24.134745+05:30	12	["DOT"]	3		7	1
218	2024-08-23 11:41:13.477165+05:30	28	fdfd dffd	3		11	1
219	2024-08-23 11:44:40.165796+05:30	29	qq vv	3		11	1
220	2024-08-23 11:50:51.735385+05:30	30	qq vv	3		11	1
221	2024-08-23 13:32:26.498937+05:30	36	qq vv	2	[{"changed": {"fields": ["Profile picture"]}}]	11	1
222	2024-08-23 16:16:18.399193+05:30	4	Arjun Singh	2	[{"changed": {"fields": ["Phone number"]}}]	11	1
223	2024-08-23 20:15:12.864666+05:30	2	45314532: ffrfsead	2	[{"changed": {"fields": ["Completion percentage"]}}]	21	1
224	2024-08-23 20:15:17.981012+05:30	1	1: dd	3		21	1
225	2024-08-23 23:51:54.439612+05:30	5	new new	3		16	1
226	2024-08-23 23:51:54.439612+05:30	4	new new	3		16	1
227	2024-08-23 23:51:54.439612+05:30	3	new new	3		16	1
228	2024-08-23 23:51:54.439612+05:30	2	new new	3		16	1
229	2024-08-24 00:27:02.939299+05:30	8	new new	3		16	1
230	2024-08-24 00:27:02.942301+05:30	7	cc	3		16	1
231	2024-08-24 00:27:02.943326+05:30	6	new new	3		16	1
232	2024-08-24 00:27:02.944771+05:30	1	new new	3		16	1
233	2024-08-24 11:24:57.292645+05:30	1	Super Admin	2	[{"changed": {"fields": ["Phone number", "Profile picture"]}}]	11	1
234	2024-08-24 15:14:11.541228+05:30	2	Dept. of Telecommunication	2	[{"changed": {"fields": ["Name"]}}]	7	1
235	2024-08-24 15:14:29.168531+05:30	3	Dept. of Tourism	2	[{"changed": {"fields": ["Name"]}}]	7	1
236	2024-08-24 15:14:40.532485+05:30	13	Department of Post	2	[{"changed": {"fields": ["Name"]}}]	7	1
237	2024-08-24 15:50:16.719488+05:30	32	vb	2	[{"changed": {"fields": ["Status"]}}]	19	1
238	2024-08-24 15:53:31.232477+05:30	13	Dep. of Post	2	[{"changed": {"fields": ["Name"]}}]	7	1
239	2024-08-24 15:53:36.026709+05:30	13	Dept. of Post	2	[{"changed": {"fields": ["Name"]}}]	7	1
240	2024-08-24 16:32:55.993724+05:30	2	DOT	2	[{"changed": {"fields": ["Name"]}}]	7	1
241	2024-08-24 17:36:58.636162+05:30	1	Super Admin	2	[{"changed": {"fields": ["Username"]}}]	11	1
242	2024-08-24 17:47:11.256428+05:30	1	Super Admin	2	[{"changed": {"fields": ["About me"]}}]	11	1
243	2024-08-24 21:10:34.113515+05:30	45	 	1	[{"added": {}}]	11	1
244	2024-08-24 21:11:12.076884+05:30	45	Admin DOT	2	[{"changed": {"fields": ["First name", "Last name", "Phone number", "About me", "Email", "Profile picture"]}}]	11	1
245	2024-08-24 21:11:39.149961+05:30	46	 	1	[{"added": {}}]	11	1
246	2024-08-24 21:12:21.368288+05:30	46	Admin Post	2	[{"changed": {"fields": ["Username", "First name", "Last name", "Phone number", "About me", "Email", "Profile picture"]}}]	11	1
247	2024-08-24 21:12:39.492338+05:30	46	Admin Post	2	[{"changed": {"fields": ["Username"]}}]	11	1
248	2024-08-24 21:13:04.184156+05:30	47	 	1	[{"added": {}}]	11	1
249	2024-08-24 21:13:30.186861+05:30	47	User DOT	2	[{"changed": {"fields": ["Username", "First name", "Last name", "Phone number", "About me", "Email", "Profile picture"]}}]	11	1
250	2024-08-24 21:13:45.298497+05:30	47	User DOT	2	[{"changed": {"fields": ["Username"]}}]	11	1
251	2024-08-24 21:14:03.242955+05:30	48	 	1	[{"added": {}}]	11	1
252	2024-08-24 21:14:41.944816+05:30	48	User Post	2	[{"changed": {"fields": ["First name", "Last name", "Phone number", "About me", "Email", "Profile picture"]}}]	11	1
253	2024-08-24 21:15:07.929467+05:30	43	User Tourism	2	[{"changed": {"fields": ["Last name", "About me"]}}]	11	1
254	2024-08-24 21:15:42.345547+05:30	45	Admin DOT	2	[{"changed": {"fields": ["About me"]}}]	11	1
255	2024-08-24 21:15:49.064058+05:30	45	Admin DOT	2	[]	11	1
256	2024-08-24 21:16:11.522219+05:30	44	Admin Tourism	2	[{"changed": {"fields": ["About me"]}}]	11	1
257	2024-08-24 21:16:33.812063+05:30	33	gov	3		19	1
258	2024-08-24 21:16:33.812063+05:30	32	vb	3		19	1
259	2024-08-24 21:16:33.812063+05:30	29	sadasafg	3		19	1
260	2024-08-24 21:16:33.812063+05:30	28	sasa	3		19	1
261	2024-08-24 21:16:33.87967+05:30	23	Incredible India	3		19	1
262	2024-08-24 21:16:33.880787+05:30	9	sddsgh	3		19	1
263	2024-08-24 21:28:28.549609+05:30	34	picture	1	[{"added": {}}]	19	1
264	2024-08-24 21:28:48.573576+05:30	34	Street	2	[{"changed": {"fields": ["Title"]}}]	19	1
265	2024-08-24 21:29:14.112524+05:30	35	Monument	1	[{"added": {}}]	19	1
266	2024-08-24 21:29:37.831459+05:30	36	Taj	1	[{"added": {}}]	19	1
267	2024-08-24 21:30:08.236477+05:30	37	Mumbai	1	[{"added": {}}]	19	1
268	2024-08-24 21:30:38.419772+05:30	38	Delhi	1	[{"added": {}}]	19	1
269	2024-08-24 21:31:08.404419+05:30	16	#india	1	[{"added": {}}]	10	1
270	2024-08-24 21:31:10.353986+05:30	39	Monument	1	[{"added": {}}]	19	1
271	2024-08-24 21:31:42.316363+05:30	17	#dekho india	1	[{"added": {}}]	10	1
272	2024-08-24 21:31:43.946501+05:30	40	Waterfall	1	[{"added": {}}]	19	1
273	2024-08-24 21:32:08.545448+05:30	41	Lal Qila	1	[{"added": {}}]	19	1
274	2024-08-24 21:32:27.070909+05:30	42	Temple	1	[{"added": {}}]	19	1
275	2024-08-24 21:32:44.131945+05:30	2	Video 2	2	[{"changed": {"fields": ["User"]}}]	29	1
276	2024-08-24 21:32:51.53812+05:30	3	Video 3	2	[{"changed": {"fields": ["User"]}}]	29	1
277	2024-08-24 21:32:59.018551+05:30	4	Video 4	2	[{"changed": {"fields": ["User"]}}]	29	1
278	2024-08-24 21:33:08.591736+05:30	5	Video 5	2	[{"changed": {"fields": ["User"]}}]	29	1
279	2024-08-24 21:33:16.204694+05:30	10	dfdfd	2	[{"changed": {"fields": ["Department"]}}]	29	1
280	2024-08-24 21:35:40.331916+05:30	13	<	3		10	1
281	2024-08-24 21:35:40.33492+05:30	12	aad,kkl	3		10	1
282	2024-08-24 21:56:54.554078+05:30	22	Docu	2	[{"changed": {"fields": ["Title"]}}]	13	1
283	2024-08-24 21:57:06.35232+05:30	8	Papers	2	[{"changed": {"fields": ["Title"]}}]	13	1
284	2024-08-24 21:57:29.900021+05:30	59	Welcome	2	[{"changed": {"fields": ["Title", "Author"]}}]	17	1
285	2024-08-24 21:57:46.431115+05:30	57	Festival	2	[{"changed": {"fields": ["Title", "Description", "Author"]}}]	17	1
286	2024-08-24 21:58:01.263698+05:30	52	Note	2	[{"changed": {"fields": ["Title", "Description", "Author"]}}]	17	1
287	2024-08-24 21:58:16.232691+05:30	49	Working	2	[{"changed": {"fields": ["Title", "Description", "Author"]}}]	17	1
288	2024-08-24 21:58:25.447538+05:30	4	Namaste	2	[{"changed": {"fields": ["Author"]}}]	17	1
289	2024-08-24 21:58:45.616344+05:30	8	sdds	2	[{"changed": {"fields": ["Title"]}}]	14	1
290	2024-08-24 21:58:52.726212+05:30	6	sdds	2	[{"changed": {"fields": ["Title"]}}]	14	1
291	2024-08-24 21:59:05.083098+05:30	1	sfsf	2	[{"changed": {"fields": ["Title"]}}]	14	1
292	2024-08-24 21:59:14.973974+05:30	5	assa	2	[{"changed": {"fields": ["Title"]}}]	14	1
293	2024-08-24 21:59:27.253198+05:30	3	dsd	2	[{"changed": {"fields": ["Title"]}}]	14	1
294	2024-08-24 22:02:03.484799+05:30	9	ojasvi	2	[]	16	1
295	2024-08-24 22:02:15.663562+05:30	10	Har Ghar Internet	2	[{"changed": {"fields": ["Title"]}}]	16	1
296	2024-08-24 22:02:26.751414+05:30	9	6G launch	2	[{"changed": {"fields": ["Title"]}}]	16	1
297	2024-08-24 22:03:08.990437+05:30	2	Social Media Year	2	[{"changed": {"fields": ["Title"]}}]	12	1
298	2024-08-24 22:03:46.193252+05:30	4	MoM 1	2	[{"changed": {"fields": ["Title"]}}]	8	1
299	2024-08-24 22:03:54.173834+05:30	3	MoM 2	2	[{"changed": {"fields": ["Title"]}}]	8	1
300	2024-08-24 22:04:02.396793+05:30	2	MoM 4	2	[{"changed": {"fields": ["Title"]}}]	8	1
301	2024-08-24 22:04:10.415604+05:30	1	MoM 3	2	[{"changed": {"fields": ["Title"]}}]	8	1
302	2024-08-25 01:57:31.282204+05:30	4	4: 	2	[{"changed": {"fields": ["Responsible person"]}}]	21	1
303	2024-08-25 01:57:40.112694+05:30	3	1: se	2	[{"changed": {"fields": ["Responsible person"]}}]	21	1
304	2024-08-25 01:57:53.314322+05:30	2	45: ffrfsead	2	[{"changed": {"fields": ["Sn number", "Responsible person"]}}]	21	1
305	2024-08-25 12:29:34.885138+05:30	2	Social Media Year	2	[{"changed": {"fields": ["Start time"]}}]	12	1
306	2024-08-25 16:55:10.067079+05:30	3	MoM 2	3		8	1
307	2024-08-25 16:55:32.00635+05:30	1	MoM 3	3		8	1
308	2024-08-25 19:09:46.793389+05:30	16	polls	3		8	1
309	2024-08-25 19:09:46.794391+05:30	15	polls	3		8	1
310	2024-08-25 19:09:46.794391+05:30	14	joke	3		8	1
311	2024-08-25 19:09:46.794391+05:30	13	poll	3		8	1
312	2024-08-25 19:09:46.794391+05:30	12	poll	3		8	1
313	2024-08-25 19:09:46.794391+05:30	11	poll	3		8	1
314	2024-08-25 19:09:46.794391+05:30	10	poll	3		8	1
315	2024-08-25 19:09:46.794391+05:30	9	lok	3		8	1
316	2024-08-25 19:09:46.794391+05:30	8	dfg	3		8	1
317	2024-08-25 19:09:46.794391+05:30	7	bnm	3		8	1
318	2024-08-25 19:09:46.794391+05:30	6	kolop	3		8	1
319	2024-08-25 19:09:46.794391+05:30	5	higggg	3		8	1
320	2024-08-25 19:09:46.794391+05:30	4	MoM 1	3		8	1
321	2024-08-25 19:09:46.794391+05:30	2	MoM 4	3		8	1
322	2024-08-25 20:01:03.990117+05:30	27	hi	3		8	1
323	2024-08-25 20:01:03.990117+05:30	26	hi	3		8	1
324	2024-08-25 20:01:03.990117+05:30	25	hi	3		8	1
325	2024-08-25 20:01:03.991115+05:30	24	hi	3		8	1
326	2024-08-25 20:01:03.991115+05:30	23	hi	3		8	1
327	2024-08-25 20:01:03.991115+05:30	22	hi	3		8	1
328	2024-08-25 20:01:03.991115+05:30	21	hi	3		8	1
329	2024-08-25 20:01:03.991115+05:30	20	hi	3		8	1
330	2024-08-25 20:01:03.991115+05:30	19	hi	3		8	1
331	2024-08-25 20:01:03.991115+05:30	18	hi	3		8	1
332	2024-08-25 20:01:03.991115+05:30	17	hi	3		8	1
333	2024-08-25 23:31:22.785004+05:30	14	Division BSNL	1	[{"added": {}}]	30	1
334	2024-08-25 23:31:54.82321+05:30	15	Subdivision BSNL	1	[{"added": {}}]	30	1
335	2024-08-25 23:53:56.207988+05:30	15	Subdivision BSNL	3		7	1
336	2024-08-25 23:54:17.849376+05:30	16	Subdivision BSNL	1	[{"added": {}}]	31	1
337	2024-08-25 23:56:13.457361+05:30	16	Subdivision BSNL	3		7	1
338	2024-08-26 16:34:25.987641+05:30	14	Division BSNL	3		7	1
339	2024-08-26 16:35:13.688755+05:30	1	BSNL Division	1	[{"added": {}}]	30	1
340	2024-08-26 16:35:36.370311+05:30	1	BSNL Subdivision	1	[{"added": {}}]	31	1
341	2024-08-26 21:38:03.366916+05:30	49	xx ff	2	[]	11	1
342	2024-08-26 21:59:14.304434+05:30	2	Division Tourism	1	[{"added": {}}]	30	1
343	2024-08-26 21:59:31.598364+05:30	2	Sub Division Tourism	1	[{"added": {}}]	31	1
344	2024-08-26 21:59:48.94628+05:30	3	Division Post	1	[{"added": {}}]	30	1
345	2024-08-26 22:00:08.187249+05:30	3	Sub Division Post	1	[{"added": {}}]	31	1
346	2024-08-26 23:19:19.104128+05:30	4	Arjun Singh	2	[{"changed": {"fields": ["Divisions", "Subdivisions"]}}]	11	1
347	2024-08-26 23:26:40.368046+05:30	4	Arjun Singh	2	[{"changed": {"fields": ["Role"]}}]	11	1
348	2024-08-26 23:29:22.825188+05:30	43	User Tourism	2	[{"changed": {"fields": ["Role", "Divisions"]}}]	11	1
349	2024-08-26 23:29:37.050276+05:30	47	User DOT	2	[{"changed": {"fields": ["Role", "Divisions"]}}]	11	1
350	2024-08-26 23:30:10.569506+05:30	48	User Post	2	[{"changed": {"fields": ["About me", "Divisions"]}}]	11	1
351	2024-08-26 23:30:41.502698+05:30	43	User Tourism	2	[{"changed": {"fields": ["About me"]}}]	11	1
352	2024-08-26 23:30:58.65736+05:30	47	User DOT	2	[{"changed": {"fields": ["About me"]}}]	11	1
353	2024-08-26 23:31:31.613635+05:30	56	 	1	[{"added": {}}]	11	1
354	2024-08-26 23:31:53.515608+05:30	56	User SubD	2	[{"changed": {"fields": ["First name", "Last name", "Divisions", "Subdivisions"]}}]	11	1
355	2024-08-26 23:32:29.044177+05:30	56	User Subdivision	2	[{"changed": {"fields": ["Last name", "Email"]}}]	11	1
356	2024-08-26 23:32:51.371414+05:30	47	Division Head	2	[{"changed": {"fields": ["First name", "Last name"]}}]	11	1
357	2024-08-26 23:33:17.289897+05:30	57	 	1	[{"added": {}}]	11	1
358	2024-08-26 23:33:43.009604+05:30	57	User Subdivision	2	[{"changed": {"fields": ["First name", "Last name", "Email", "Divisions", "Subdivisions"]}}]	11	1
359	2024-08-26 23:33:43.236+05:30	57	User Subdivision	2	[]	11	1
360	2024-08-26 23:34:06.512176+05:30	58	 	1	[{"added": {}}]	11	1
361	2024-08-26 23:34:23.662462+05:30	58	User Subdivision	2	[{"changed": {"fields": ["First name", "Last name", "Email", "Divisions", "Subdivisions"]}}]	11	1
362	2024-08-26 23:35:10.300943+05:30	43	Division Head	2	[{"changed": {"fields": ["First name", "Last name"]}}]	11	1
363	2024-08-26 23:35:19.678175+05:30	58	User Subdivision	2	[]	11	1
364	2024-08-26 23:36:05.506562+05:30	48	User Post	2	[{"changed": {"fields": ["Role"]}}]	11	1
365	2024-08-27 00:10:53.661965+05:30	4	Division DOT	1	[{"added": {}}]	30	1
366	2024-08-27 00:11:21.412936+05:30	47	Division Head	2	[{"changed": {"fields": ["Divisions"]}}]	11	1
367	2024-08-27 13:46:09.444342+05:30	4	Arjun Singh	2	[{"changed": {"fields": ["Profile picture"]}}]	11	1
368	2024-08-27 18:31:03.67562+05:30	5	Conversation object (5)	3		28	1
369	2024-08-27 18:31:03.67562+05:30	1	Conversation object (1)	3		28	1
370	2024-08-27 21:16:54.557323+05:30	3	Message object (3)	2	[{"changed": {"fields": ["Read"]}}]	27	1
371	2024-08-27 21:17:01.478324+05:30	5	Message object (5)	2	[{"changed": {"fields": ["Read"]}}]	27	1
372	2024-08-27 21:17:19.723146+05:30	9	Message object (9)	2	[]	27	1
373	2024-08-27 21:17:26.797974+05:30	7	Message object (7)	2	[{"changed": {"fields": ["Read"]}}]	27	1
374	2024-08-27 21:17:32.556219+05:30	9	Message object (9)	2	[{"changed": {"fields": ["Read"]}}]	27	1
375	2024-08-27 23:02:15.098034+05:30	9	Message object (9)	3		27	1
376	2024-08-27 23:02:15.098034+05:30	8	Message object (8)	3		27	1
377	2024-08-27 23:02:15.098034+05:30	7	Message object (7)	3		27	1
378	2024-08-27 23:02:15.098034+05:30	6	Message object (6)	3		27	1
379	2024-08-28 00:40:52.652356+05:30	17	Message object (17)	2	[{"changed": {"fields": ["Conversation"]}}]	27	1
380	2024-08-28 00:45:35.655077+05:30	18	Message object (18)	3		27	1
381	2024-08-28 08:51:39.293487+05:30	13	Conversation object (13)	3		28	1
382	2024-08-28 08:51:39.293487+05:30	12	Conversation object (12)	3		28	1
383	2024-08-28 08:51:39.293487+05:30	11	Conversation object (11)	3		28	1
384	2024-08-28 08:51:39.293487+05:30	10	Conversation object (10)	3		28	1
385	2024-08-28 08:51:39.293487+05:30	9	Conversation object (9)	3		28	1
386	2024-08-28 08:51:39.293487+05:30	8	Conversation object (8)	3		28	1
387	2024-08-28 08:51:39.293487+05:30	7	Conversation object (7)	3		28	1
388	2024-08-28 08:51:39.294486+05:30	6	Conversation object (6)	3		28	1
389	2024-08-28 08:56:36.800913+05:30	28	Issue 101	2	[{"changed": {"fields": ["Title"]}}]	8	1
390	2024-08-28 08:57:07.807232+05:30	13	1: 	2	[]	21	1
391	2024-08-28 08:59:41.698491+05:30	9	6G launch	2	[{"changed": {"fields": ["Start time", "End time"]}}]	16	1
392	2024-08-28 09:00:10.545073+05:30	10	Har Ghar Internet	3		16	1
393	2024-08-28 09:04:02.846439+05:30	2	Social Media Year	2	[{"changed": {"fields": ["Start time"]}}]	12	1
394	2024-08-28 15:43:39.147697+05:30	43	Division Head DOT	2	[{"changed": {"fields": ["First name", "Last name"]}}]	11	1
395	2024-08-28 15:44:16.286871+05:30	43	Division Head Tourism	2	[{"changed": {"fields": ["Last name"]}}]	11	1
396	2024-08-28 15:48:40.062776+05:30	47	Division Head DOT	2	[{"changed": {"fields": ["First name", "Last name"]}}]	11	1
397	2024-08-28 15:49:01.632622+05:30	56	User Sub-Division Tourism	2	[{"changed": {"fields": ["First name", "Last name"]}}]	11	1
398	2024-08-28 15:49:08.93964+05:30	57	User Sub Subdivision	2	[{"changed": {"fields": ["First name"]}}]	11	1
399	2024-08-28 15:49:25.88997+05:30	57	User Sub-Division DOT	2	[{"changed": {"fields": ["First name", "Last name"]}}]	11	1
400	2024-08-28 15:49:46.348528+05:30	48	Division Head Post	2	[{"changed": {"fields": ["First name"]}}]	11	1
401	2024-08-28 15:49:56.144917+05:30	58	User Sub-Division Post	2	[{"changed": {"fields": ["First name", "Last name"]}}]	11	1
402	2024-08-28 15:54:08.13575+05:30	56	User Sub-Division Tourism	2	[{"changed": {"fields": ["Profile picture"]}}]	11	1
403	2024-08-28 15:54:17.619746+05:30	57	User Sub-Division DOT	2	[{"changed": {"fields": ["Profile picture"]}}]	11	1
404	2024-08-28 15:54:29.06897+05:30	58	User Sub-Division Post	2	[{"changed": {"fields": ["Profile picture"]}}]	11	1
405	2024-08-28 15:54:39.531068+05:30	4	Arjun Singh	3		11	1
406	2024-08-28 17:09:56.451455+05:30	44	Admin Digital Bharat Nidhi	2	[{"changed": {"fields": ["Last name"]}}]	11	1
407	2024-08-28 17:10:09.916164+05:30	43	Division Head Digital	2	[{"changed": {"fields": ["Last name"]}}]	11	1
408	2024-08-28 17:10:21.44946+05:30	43	Division Head Digital Bharat Nidhi	2	[{"changed": {"fields": ["Last name"]}}]	11	1
409	2024-08-28 17:10:37.544441+05:30	56	User Sub-Division Digital Bharat Nidhi	2	[{"changed": {"fields": ["Last name"]}}]	11	1
410	2024-08-28 17:10:49.291856+05:30	45	Admin BSNL	2	[{"changed": {"fields": ["Last name"]}}]	11	1
411	2024-08-28 17:11:12.223039+05:30	47	Division Head BSNL	2	[{"changed": {"fields": ["Last name"]}}]	11	1
412	2024-08-28 17:11:26.141749+05:30	57	User Sub-Division BSNL	2	[{"changed": {"fields": ["Last name"]}}]	11	1
413	2024-08-28 17:12:06.055058+05:30	48	Division Head NBM	2	[{"changed": {"fields": ["Last name", "About me"]}}]	11	1
414	2024-08-28 17:12:33.186642+05:30	58	User Sub-Division NBM	2	[{"changed": {"fields": ["Last name"]}}]	11	1
415	2024-08-28 17:12:45.285688+05:30	58	User Sub-Division NBM	2	[]	11	1
416	2024-08-28 17:13:07.873587+05:30	47	Division Head BSNL	2	[{"changed": {"fields": ["About me"]}}]	11	1
417	2024-08-28 17:13:14.938363+05:30	56	User Sub-Division Digital Bharat Nidhi	2	[]	11	1
418	2024-08-28 17:13:43.597655+05:30	43	Division Head Digital Bharat Nidhi	2	[{"changed": {"fields": ["About me"]}}]	11	1
419	2024-08-28 17:14:01.848104+05:30	44	Admin Digital Bharat Nidhi	2	[{"changed": {"fields": ["About me"]}}]	11	1
420	2024-08-28 17:14:16.231938+05:30	45	Admin BSNL	2	[{"changed": {"fields": ["About me"]}}]	11	1
421	2024-08-28 17:14:34.137217+05:30	46	Admin NBM	2	[{"changed": {"fields": ["Last name", "About me"]}}]	11	1
422	2024-08-28 17:20:15.860347+05:30	2	BSNL	2	[{"changed": {"fields": ["Name"]}}]	7	1
423	2024-08-28 17:20:48.220663+05:30	13	NBM	2	[{"changed": {"fields": ["Name"]}}]	7	1
424	2024-08-28 17:21:01.080817+05:30	3	Digital Bharat Nidhi	2	[{"changed": {"fields": ["Name"]}}]	7	1
425	2024-08-28 17:27:12.809979+05:30	56	User Sub-Division DGN	2	[{"changed": {"fields": ["Last name"]}}]	11	1
426	2024-08-30 21:07:56.986488+05:30	21	Tweet by Admin on 2024-08-24 19:51:15	3		24	1
427	2024-08-30 21:07:56.986488+05:30	20	Tweet by Admin on 2024-08-24 19:36:15	3		24	1
428	2024-08-30 21:07:56.987006+05:30	19	Tweet by Admin on 2024-08-24 19:05:41	3		24	1
429	2024-08-30 21:07:56.987006+05:30	18	Tweet by Admin on 2024-08-24 19:00:03	3		24	1
430	2024-08-30 21:07:56.987006+05:30	17	Tweet by Admin on 2024-08-24 18:57:15	3		24	1
431	2024-08-30 21:07:56.987006+05:30	16	Tweet by Admin on 2024-08-24 18:55:45	3		24	1
432	2024-08-30 21:07:56.987006+05:30	15	Tweet by Admin on 2024-08-24 18:54:18	3		24	1
433	2024-08-30 21:07:56.987006+05:30	14	Tweet by Admin on 2024-08-24 18:52:23	3		24	1
434	2024-08-30 21:07:56.987483+05:30	13	Tweet by Admin on 2024-08-03 07:26:00	3		24	1
435	2024-08-30 21:07:56.987483+05:30	12	Tweet by Admin on 2024-08-01 09:36:21	3		24	1
436	2024-08-30 21:07:56.987483+05:30	11	Tweet by Admin on 2024-08-01 09:32:59	3		24	1
437	2024-08-30 21:07:56.987483+05:30	10	Tweet by Admin on 2024-08-01 09:31:21	3		24	1
438	2024-08-30 21:07:56.987483+05:30	9	Tweet by Admin on 2024-07-26 11:12:56	3		24	1
439	2024-08-30 21:07:56.987483+05:30	8	Tweet by Admin on 2024-07-26 11:07:37	3		24	1
440	2024-08-30 21:07:56.987483+05:30	7	Tweet by Admin on 2024-07-26 11:03:12	3		24	1
441	2024-08-30 21:07:56.987483+05:30	6	Tweet by Admin on 2024-07-26 11:01:29	3		24	1
442	2024-08-30 21:07:56.987483+05:30	5	Tweet by Admin on 2024-07-26 09:22:48	3		24	1
443	2024-08-30 21:07:56.987483+05:30	4	Tweet by Admin on 2024-07-26 09:22:24	3		24	1
444	2024-08-30 21:07:56.987483+05:30	3	Tweet by Admin on 2024-07-26 07:10:22	3		24	1
445	2024-08-30 21:07:56.987483+05:30	2	Tweet by Admin on 2024-07-26 05:44:31	3		24	1
446	2024-08-30 21:07:56.987483+05:30	1	Tweet by Admin on 2024-07-26 05:17:15	3		24	1
447	2024-09-02 17:46:30.199139+05:30	9	5G launch	2	[{"changed": {"fields": ["Title", "End time"]}}]	16	1
448	2024-09-02 17:47:09.328321+05:30	2	Social Media Content	2	[{"changed": {"fields": ["Title", "Start time"]}}]	12	1
449	2024-09-02 17:47:53.3226+05:30	17	#Dekho #India	2	[{"changed": {"fields": ["Name"]}}]	10	1
450	2024-09-02 17:48:04.090605+05:30	16	#India	2	[{"changed": {"fields": ["Name"]}}]	10	1
451	2024-09-02 17:48:22.739982+05:30	15	ds	3		10	1
452	2024-09-02 17:48:22.739982+05:30	14	asasff	3		10	1
453	2024-09-02 17:48:22.739982+05:30	11	ss	3		10	1
454	2024-09-02 17:51:04.853018+05:30	9	5G launch	2	[{"changed": {"fields": ["Start time", "End time"]}}]	16	1
455	2024-09-02 17:55:13.74849+05:30	6	hhghg	3		10	1
456	2024-09-02 17:55:13.74849+05:30	5	my	3		10	1
457	2024-09-02 17:55:42.628901+05:30	1	#Delhi	2	[{"changed": {"fields": ["Name"]}}]	10	1
458	2024-09-02 17:55:54.393619+05:30	9	#Video	2	[{"changed": {"fields": ["Name"]}}]	10	1
459	2024-09-02 17:56:10.779998+05:30	8	Incredible	2	[{"changed": {"fields": ["Name"]}}]	10	1
\.


--
-- Data for Name: django_content_type; Type: TABLE DATA; Schema: public; Owner: postgres
--

COPY public.django_content_type (id, app_label, model) FROM stdin;
1	admin	logentry
2	auth	permission
3	auth	group
4	contenttypes	contenttype
5	sessions	session
6	upload	category
7	upload	department
8	upload	mom
9	upload	survey
10	upload	tag
11	upload	user
12	upload	content
13	upload	document
14	upload	link
15	upload	notification
17	upload	post
18	upload	question
19	upload	image
20	upload	useradmin
21	upload	momrow
22	authtoken	token
23	authtoken	tokenproxy
24	upload	tweet
25	upload	engagement
26	upload	instagramcredentials
27	upload	message
28	upload	conversation
29	upload	video
16	upload	event
30	upload	division
31	upload	subdivision
\.


--
-- Data for Name: django_migrations; Type: TABLE DATA; Schema: public; Owner: postgres
--

COPY public.django_migrations (id, app, name, applied) FROM stdin;
2	contenttypes	0001_initial	2024-07-24 21:18:15.026768+05:30
3	contenttypes	0002_remove_content_type_name	2024-07-24 22:42:19.696608+05:30
4	auth	0001_initial	2024-07-24 22:42:19.782765+05:30
5	auth	0002_alter_permission_name_max_length	2024-07-24 22:42:19.787779+05:30
6	auth	0003_alter_user_email_max_length	2024-07-24 22:42:19.791322+05:30
7	auth	0004_alter_user_username_opts	2024-07-24 22:42:19.795223+05:30
8	auth	0005_alter_user_last_login_null	2024-07-24 22:42:19.798224+05:30
9	auth	0006_require_contenttypes_0002	2024-07-24 22:42:19.800224+05:30
10	auth	0007_alter_validators_add_error_messages	2024-07-24 22:42:19.804224+05:30
11	auth	0008_alter_user_username_max_length	2024-07-24 22:42:19.808739+05:30
12	auth	0009_alter_user_last_name_max_length	2024-07-24 22:42:19.811878+05:30
13	auth	0010_alter_group_name_max_length	2024-07-24 22:42:19.81886+05:30
14	auth	0011_update_proxy_permissions	2024-07-24 22:42:19.823859+05:30
15	auth	0012_alter_user_first_name_max_length	2024-07-24 22:42:19.828858+05:30
16	upload	0001_initial	2024-07-24 22:44:11.207482+05:30
17	admin	0001_initial	2024-07-24 22:44:11.259024+05:30
18	admin	0002_logentry_remove_auto_add	2024-07-24 22:44:11.259024+05:30
19	admin	0003_logentry_add_action_flag_choices	2024-07-24 22:44:11.283789+05:30
20	authtoken	0001_initial	2024-07-24 22:44:11.315051+05:30
21	authtoken	0002_auto_20160226_1747	2024-07-24 22:44:11.360249+05:30
22	authtoken	0003_tokenproxy	2024-07-24 22:44:11.363313+05:30
23	authtoken	0004_alter_tokenproxy_options	2024-07-24 22:44:11.363313+05:30
24	sessions	0001_initial	2024-07-24 22:44:11.391204+05:30
25	upload	0002_tweet	2024-07-26 10:12:16.581603+05:30
26	upload	0003_engagement	2024-07-26 10:12:16.616801+05:30
27	upload	0004_instagramcredentials	2024-07-30 17:30:29.054317+05:30
28	upload	0005_remove_instagramcredentials_user	2024-07-30 17:34:23.105629+05:30
29	upload	0006_conversation_message	2024-08-12 09:59:34.718679+05:30
30	upload	0007_image_status_change_date	2024-08-20 10:18:19.977407+05:30
31	upload	0008_document_status_change_date_post_status_change_date	2024-08-20 11:38:03.859279+05:30
32	upload	0009_video	2024-08-20 23:05:00.431848+05:30
33	upload	0010_post_image_post_video	2024-08-21 12:00:28.085303+05:30
34	upload	0011_alter_link_title	2024-08-22 12:42:18.32385+05:30
35	upload	0012_alter_link_link	2024-08-22 14:56:12.247169+05:30
36	upload	0013_alter_user_options_user_phone_number	2024-08-23 10:50:14.578371+05:30
37	upload	0014_rename_onlyevent_event_alter_content_end_time_and_more	2024-08-24 01:05:22.226524+05:30
38	upload	0015_alter_content_end_time	2024-08-24 01:15:17.985838+05:30
39	upload	0016_user_about_me	2024-08-24 17:39:54.812689+05:30
40	upload	0017_alter_post_author	2024-08-24 22:00:34.413972+05:30
41	upload	0018_alter_momrow_action_items_and_more	2024-08-25 15:28:37.142338+05:30
42	upload	0019_division_subdivision_department_parent	2024-08-25 23:24:19.464897+05:30
43	upload	0020_delete_division_delete_subdivision_division_and_more	2024-08-26 16:06:45.814509+05:30
44	upload	0021_alter_user_divisions_alter_user_subdivisions	2024-08-26 16:06:49.188407+05:30
45	upload	0022_remove_user_divisions_remove_user_subdivisions	2024-08-26 16:06:52.551731+05:30
46	upload	0019_department_parent_division_user_divisions_and_more	2024-08-26 16:33:33.942108+05:30
47	upload	0020_alter_user_divisions_alter_user_subdivisions	2024-08-26 20:55:43.225656+05:30
48	upload	0021_alter_user_role	2024-08-26 20:55:43.280642+05:30
49	upload	0022_message_edited_message_read_message_receiver_and_more	2024-08-27 18:38:42.407594+05:30
\.


--
-- Data for Name: django_session; Type: TABLE DATA; Schema: public; Owner: postgres
--

COPY public.django_session (session_key, session_data, expire_date) FROM stdin;
1mdcc1vy438oieh6onglxqjjy8ozi449	.eJxVjMsOwiAQRf-FtSE8JjC4dO83EGAGqRqalHZl_Hdt0oVu7znnvkRM29riNniJE4mz0OL0u-VUHtx3QPfUb7Msc1-XKctdkQcd8joTPy-H-3fQ0mjfGiAURu-crbUCZa-sB01GeUZdAY0jcMZqr2suaDhZJK0sZlLBcA7i_QHL-jdO:1sWfdA:XxJAx9csKnZWVjRSAMRgpepSiXBr705CbeNJ7N6gV_w	2024-07-24 23:48:24.23877+05:30
uv6sh2eye42u8qydt485wtnzcg0kubxr	.eJxVjMsOwiAQRf-FtSE8JjC4dO83EGAGqRqalHZl_Hdt0oVu7znnvkRM29riNniJE4mz0OL0u-VUHtx3QPfUb7Msc1-XKctdkQcd8joTPy-H-3fQ0mjfGiAURu-crbUCZa-sB01GeUZdAY0jcMZqr2suaDhZJK0sZlLBcA7i_QHL-jdO:1sWgcV:NSbKuxbcgfOMdJiU9cc3MpRDxvWjRcykoEZ3buNM_eY	2024-07-25 00:51:47.572437+05:30
6053tmefxais1j5oewkmt1zyedbgaagj	.eJxVjMsOwiAQRf-FtSE8JjC4dO83EGAGqRqalHZl_Hdt0oVu7znnvkRM29riNniJE4mz0OL0u-VUHtx3QPfUb7Msc1-XKctdkQcd8joTPy-H-3fQ0mjfGiAURu-crbUCZa-sB01GeUZdAY0jcMZqr2suaDhZJK0sZlLBcA7i_QHL-jdO:1sWtL2:bTJIg1cA3fKgC0YVXWbTQ1YlP7E7bItPm2C8JSBrFB0	2024-07-25 14:26:36.88846+05:30
ojh7vkisynjhkxuu9ahs70we6u3yv7nc	.eJxVjMsOwiAQRf-FtSE8JjC4dO83EGAGqRqalHZl_Hdt0oVu7znnvkRM29riNniJE4mz0OL0u-VUHtx3QPfUb7Msc1-XKctdkQcd8joTPy-H-3fQ0mjfGiAURu-crbUCZa-sB01GeUZdAY0jcMZqr2suaDhZJK0sZlLBcA7i_QHL-jdO:1sX0Df:BC-DG8Cco1EQK510NqMyHCXhr8x4WyZPBOJcjRa92N4	2024-07-25 21:47:27.68524+05:30
h50809n0ku4jc8oc6x7fc0cf2m5lo947	.eJxVjMsOwiAQRf-FtSE8JjC4dO83EGAGqRqalHZl_Hdt0oVu7znnvkRM29riNniJE4mz0OL0u-VUHtx3QPfUb7Msc1-XKctdkQcd8joTPy-H-3fQ0mjfGiAURu-crbUCZa-sB01GeUZdAY0jcMZqr2suaDhZJK0sZlLBcA7i_QHL-jdO:1sXBvw:TYK8vY9hbJzRwxTntYXftmQokO-4VgancXwmP1dFG4g	2024-07-26 10:17:56.107073+05:30
hdlv7yw7ftd0in5lvypwcr0gyugnhu1h	.eJxVjMsOwiAQRf-FtSE8JjC4dO83EGAGqRqalHZl_Hdt0oVu7znnvkRM29riNniJE4mz0OL0u-VUHtx3QPfUb7Msc1-XKctdkQcd8joTPy-H-3fQ0mjfGiAURu-crbUCZa-sB01GeUZdAY0jcMZqr2suaDhZJK0sZlLBcA7i_QHL-jdO:1sXD3H:0IuFMImlR3igoxH43ciIi_hIB0ORriar1VY3wCDHFVI	2024-07-26 11:29:35.373531+05:30
frirwqfru0ifl0yxc4nfg5iq3posouef	.eJxVjMsOwiAQRf-FtSE8JjC4dO83EGAGqRqalHZl_Hdt0oVu7znnvkRM29riNniJE4mz0OL0u-VUHtx3QPfUb7Msc1-XKctdkQcd8joTPy-H-3fQ0mjfGiAURu-crbUCZa-sB01GeUZdAY0jcMZqr2suaDhZJK0sZlLBcA7i_QHL-jdO:1sXIhy:H78R2_amFrWQmArmDls0trONRe3HIgCjts_C4MYRtUg	2024-07-26 17:31:58.946945+05:30
jsu7pun0y1zqzif3efu3rz7uf295oahp	.eJxVzsFuwiAAANB_4eyh2A7tbp1dwbphAAHl0iB0U4utaVlMtuzft6vvC94POPdTtJ-jvTbWuXaamjh0bQ-ewRozzbdHfPtwhOJ3XMe25Gu7gqlI4uFN5yfxXb16HYiWlNqO3g5dNjeF5FDhGgpVW5b4zBRQXQTxo6jUoK9B8ES9eFxtuDTFVuggnVR7TdQoq5PkhNId4TXrTbG3yf3e6qdw1C6Vl6AYM6UpwezxPHz1sTn7__FymeU5WqAFRDlK0Rz8_gHTZkjj:1sXkci:EmxoUb1tykeQdgumOFXv0IjW41_rKSfhdJkcpy9Sa_g	2024-07-27 23:20:24.95663+05:30
zc6go4pucuy02mfumgglco3uv875ej8n	.eJxVjMsOwiAQRf-FtSE8JjC4dO83EGAGqRqalHZl_Hdt0oVu7znnvkRM29riNniJE4mz0OL0u-VUHtx3QPfUb7Msc1-XKctdkQcd8joTPy-H-3fQ0mjfGiAURu-crbUCZa-sB01GeUZdAY0jcMZqr2suaDhZJK0sZlLBcA7i_QHL-jdO:1sYgGU:Pvgm3GO1732KySg-St5pnPxU3pY0JuJ0KKVxDabmsyI	2024-07-30 12:53:18.720979+05:30
lpa1f3gz2upwyds0v4cecmv1gpdftsv8	.eJxVzktSgzAAANC7ZO2CNDZt3FGDtIyNJk2IZMOkQC3Nh47QGcXx7rr1neB9gz6Ok33_sKG2TdONYz0NrovgAexyrsXr3vsby69c68KpLUvshb3xhNlWfeqDVOiFbrIuLKkNapbuulFOhP2CzTZjQbgn1Di2PXhvUpnAU-VJpi5qOkZ_Vlm505oI1sOlRMVX6-AgZv_4rM5a5kVuUlghk3pPTVpWyJYkcm6ooeDu_3m4xanu27_xen1PCF7hFcQEI7wAP794HUma:1sYgqE:02rrzQWRckITI8kpuWUZJnbEx4jJ245796PVJhqjEsA	2024-07-30 13:30:14.875407+05:30
uq6gxf49xq3f89sle83x2j24wcyzypvf	.eJxVjMsOwiAQRf-FtSE8JjC4dO83EGAGqRqalHZl_Hdt0oVu7znnvkRM29riNniJE4mz0OL0u-VUHtx3QPfUb7Msc1-XKctdkQcd8joTPy-H-3fQ0mjfGiAURu-crbUCZa-sB01GeUZdAY0jcMZqr2suaDhZJK0sZlLBcA7i_QHL-jdO:1sYjpM:Huo0VBa_WTfIb56ALmo4JegvjIjQ4OB-yG0NnKyluEs	2024-07-30 16:41:32.784067+05:30
my3anmz5nsq7pumpkgvj0ay06u402zde	.eJxVjMsOwiAQRf-FtSE8JjC4dO83EGAGqRqalHZl_Hdt0oVu7znnvkRM29riNniJE4mz0OL0u-VUHtx3QPfUb7Msc1-XKctdkQcd8joTPy-H-3fQ0mjfGiAURu-crbUCZa-sB01GeUZdAY0jcMZqr2suaDhZJK0sZlLBcA7i_QHL-jdO:1sYoWc:_hmYe5P9ZX2gKIhhZVlE9txCa4J1fgGikTNX3pgBFcc	2024-07-30 21:42:30.862552+05:30
xkrcrd219v4t7rooc1qnakok4jz8xvr0	.eJxVjMsOwiAQRf-FtSE8JjC4dO83EGAGqRqalHZl_Hdt0oVu7znnvkRM29riNniJE4mz0OL0u-VUHtx3QPfUb7Msc1-XKctdkQcd8joTPy-H-3fQ0mjfGiAURu-crbUCZa-sB01GeUZdAY0jcMZqr2suaDhZJK0sZlLBcA7i_QHL-jdO:1sa92u:2EByo76xGt5OWoOqKMDkoG1SHP7azMQYB-pzC7O_PGM	2024-08-03 13:49:20.165581+05:30
ajc73u5meh9ahzoyrbs6rh1osgc6p336	.eJxVjMsOwiAQRf-FtSE8JjC4dO83EGAGqRqalHZl_Hdt0oVu7znnvkRM29riNniJE4mz0OL0u-VUHtx3QPfUb7Msc1-XKctdkQcd8joTPy-H-3fQ0mjfGiAURu-crbUCZa-sB01GeUZdAY0jcMZqr2suaDhZJK0sZlLBcA7i_QHL-jdO:1scrOm:-K4CKHcJK2jV8eSjWrS8PfugpbEnOvAnqbwzP_b2c0s	2024-08-11 01:35:08.478206+05:30
3s0j3hw7m7h2mzwjh4v37pu8xslhtc1g	.eJxVjMsOwiAQRf-FtSE8JjC4dO83EGAGqRqalHZl_Hdt0oVu7znnvkRM29riNniJE4mz0OL0u-VUHtx3QPfUb7Msc1-XKctdkQcd8joTPy-H-3fQ0mjfGiAURu-crbUCZa-sB01GeUZdAY0jcMZqr2suaDhZJK0sZlLBcA7i_QHL-jdO:1sdMfM:tbYFtehCu2kfE-6pMbuS3vwyAknE1DHLZL65Gn1aDDA	2024-08-12 10:58:20.572591+05:30
rolld8ol05x79jsx4oy9nl2y6jyo27s6	.eJxVjMsOwiAQRf-FtSE8JjC4dO83EGAGqRqalHZl_Hdt0oVu7znnvkRM29riNniJE4mz0OL0u-VUHtx3QPfUb7Msc1-XKctdkQcd8joTPy-H-3fQ0mjfGiAURu-crbUCZa-sB01GeUZdAY0jcMZqr2suaDhZJK0sZlLBcA7i_QHL-jdO:1sdTrz:cutIiIlBM3nLJs6TT-K8PY6l8I2eW2pAPpOYbm1bub0	2024-08-12 18:39:51.779965+05:30
y0n8q1adqetxj8bgf9j4vrktq98oo6ab	.eJxVjMsOwiAQRf-FtSE8JjC4dO83EGAGqRqalHZl_Hdt0oVu7znnvkRM29riNniJE4mz0OL0u-VUHtx3QPfUb7Msc1-XKctdkQcd8joTPy-H-3fQ0mjfGiAURu-crbUCZa-sB01GeUZdAY0jcMZqr2suaDhZJK0sZlLBcA7i_QHL-jdO:1sdWlA:I4RlwpgnaksjRh9-bJepM8zZbc9O7Nio5gnjMP0TRZk	2024-08-12 21:45:00.556582+05:30
wm6zqvvg2m6q61xph9nouam4596lsens	.eJxVjMsOwiAQRf-FtSE8JjC4dO83EGAGqRqalHZl_Hdt0oVu7znnvkRM29riNniJE4mz0OL0u-VUHtx3QPfUb7Msc1-XKctdkQcd8joTPy-H-3fQ0mjfGiAURu-crbUCZa-sB01GeUZdAY0jcMZqr2suaDhZJK0sZlLBcA7i_QHL-jdO:1sdY0d:kCfIPqCWk4xDucjll2lImSelfwci_ArbZsUr0Olv6ZY	2024-08-12 23:05:03.193843+05:30
7kbud1kg9xg7f3ku224ideezrryzl5ql	.eJxVjMsOwiAQRf-FtSE8JjC4dO83EGAGqRqalHZl_Hdt0oVu7znnvkRM29riNniJE4mz0OL0u-VUHtx3QPfUb7Msc1-XKctdkQcd8joTPy-H-3fQ0mjfGiAURu-crbUCZa-sB01GeUZdAY0jcMZqr2suaDhZJK0sZlLBcA7i_QHL-jdO:1se7Qt:H3-deqPvxfOeDAyL7ScEYi3c_bajEb-ld_SXsLjRu24	2024-08-14 12:54:31.290441+05:30
abhkls28tfrozkiklvgt9u4x60o0f8p8	.eJxVjMsOwiAQRf-FtSE8JjC4dO83EGAGqRqalHZl_Hdt0oVu7znnvkRM29riNniJE4mz0OL0u-VUHtx3QPfUb7Msc1-XKctdkQcd8joTPy-H-3fQ0mjfGiAURu-crbUCZa-sB01GeUZdAY0jcMZqr2suaDhZJK0sZlLBcA7i_QHL-jdO:1seBf2:XCgt4sM8j053_gzdi1pzdwc6Q44ea4zpkS4UU6E21kA	2024-08-14 17:25:24.453842+05:30
ii8a9dwkcxnnxrk31nfwtipup3v42d7l	.eJxVjMsOwiAQRf-FtSE8JjC4dO83EGAGqRqalHZl_Hdt0oVu7znnvkRM29riNniJE4mz0OL0u-VUHtx3QPfUb7Msc1-XKctdkQcd8joTPy-H-3fQ0mjfGiAURu-crbUCZa-sB01GeUZdAY0jcMZqr2suaDhZJK0sZlLBcA7i_QHL-jdO:1seVVZ:6_eVvt3CcKVed_2ozotxA_dGNbxW2BJz1i8f2S2j_L0	2024-08-15 14:36:57.792805+05:30
i6twkwetwb7u7mh3i9e9avqxy3tlmwij	.eJxVjMsOwiAQRf-FtSE8JjC4dO83EGAGqRqalHZl_Hdt0oVu7znnvkRM29riNniJE4mz0OL0u-VUHtx3QPfUb7Msc1-XKctdkQcd8joTPy-H-3fQ0mjfGiAURu-crbUCZa-sB01GeUZdAY0jcMZqr2suaDhZJK0sZlLBcA7i_QHL-jdO:1seYfC:xvfUnbxKrxVvsCYYArud9KN0FGI2GAu0KifO19xFBjs	2024-08-15 17:59:06.618513+05:30
cm1i7m2m2i6306yoaty57ctc2gdpf01z	.eJxVjMsOwiAQRf-FtSE8JjC4dO83EGAGqRqalHZl_Hdt0oVu7znnvkRM29riNniJE4mz0OL0u-VUHtx3QPfUb7Msc1-XKctdkQcd8joTPy-H-3fQ0mjfGiAURu-crbUCZa-sB01GeUZdAY0jcMZqr2suaDhZJK0sZlLBcA7i_QHL-jdO:1sefnm:UWk64mfuva70KgB_eIv1RmMN1t7gLmayQJRb4SBYzzU	2024-08-16 01:36:26.126673+05:30
1t14trt789l7itwjmvdnl8ive1f2k35s	.eJxVjMsOwiAQRf-FtSE8JjC4dO83EGAGqRqalHZl_Hdt0oVu7znnvkRM29riNniJE4mz0OL0u-VUHtx3QPfUb7Msc1-XKctdkQcd8joTPy-H-3fQ0mjfGiAURu-crbUCZa-sB01GeUZdAY0jcMZqr2suaDhZJK0sZlLBcA7i_QHL-jdO:1seomG:eiGvuRjB2WaQHA8L2DZZxAAp52v1iTyq4RuYVaFDQjk	2024-08-16 11:11:28.32993+05:30
my3csi5n8wjfi5k928flnqxv4cerj4yn	.eJxVjMsOwiAQRf-FtSE8JjC4dO83EGAGqRqalHZl_Hdt0oVu7znnvkRM29riNniJE4mz0OL0u-VUHtx3QPfUb7Msc1-XKctdkQcd8joTPy-H-3fQ0mjfGiAURu-crbUCZa-sB01GeUZdAY0jcMZqr2suaDhZJK0sZlLBcA7i_QHL-jdO:1sewGX:MEEtxFqu0qR0UzAwLQ4a-1EwINl4B7vLBeeWaGaoRBs	2024-08-16 19:11:13.70332+05:30
ogcae4ooyc7da57dwpw1muhrh2xg9poz	.eJxVjMsOwiAQRf-FtSE8JjC4dO83EGAGqRqalHZl_Hdt0oVu7znnvkRM29riNniJE4mz0OL0u-VUHtx3QPfUb7Msc1-XKctdkQcd8joTPy-H-3fQ0mjfGiAURu-crbUCZa-sB01GeUZdAY0jcMZqr2suaDhZJK0sZlLBcA7i_QHL-jdO:1seyUD:tXNsavjA9HN3wqQKSQaqv6cUNNndQjFJAXCn2nWDhLo	2024-08-16 21:33:29.343994+05:30
omwh5am9sfawkhwpzkgcedgvb5lo568z	.eJxVjMsOwiAQRf-FtSE8JjC4dO83EGAGqRqalHZl_Hdt0oVu7znnvkRM29riNniJE4mz0OL0u-VUHtx3QPfUb7Msc1-XKctdkQcd8joTPy-H-3fQ0mjfGiAURu-crbUCZa-sB01GeUZdAY0jcMZqr2suaDhZJK0sZlLBcA7i_QHL-jdO:1sf2kD:YJ8-cRWDk4fldiN2nj5wKpnwAfVzIGcNT-LEpXcGcaA	2024-08-17 02:06:17.489558+05:30
iajynbvk419grv547pdjxzneviwz2dfz	.eJxVjMsOwiAQRf-FtSE8JjC4dO83EGAGqRqalHZl_Hdt0oVu7znnvkRM29riNniJE4mz0OL0u-VUHtx3QPfUb7Msc1-XKctdkQcd8joTPy-H-3fQ0mjfGiAURu-crbUCZa-sB01GeUZdAY0jcMZqr2suaDhZJK0sZlLBcA7i_QHL-jdO:1sfB2K:M896ObGWupnKSGhuEjy1my9LK4Rn-tt_SzlHV6Yy-r4	2024-08-17 10:57:32.052343+05:30
2czgca2d48b8zorabqudkbtjgq13xo6y	.eJxVjMsOwiAQRf-FtSE8JjC4dO83EGAGqRqalHZl_Hdt0oVu7znnvkRM29riNniJE4mz0OL0u-VUHtx3QPfUb7Msc1-XKctdkQcd8joTPy-H-3fQ0mjfGiAURu-crbUCZa-sB01GeUZdAY0jcMZqr2suaDhZJK0sZlLBcA7i_QHL-jdO:1sfO8j:T1xmsC8a3REwlPdrIrc6nXv8sq7VqtupevnfU68_InI	2024-08-18 00:57:01.66961+05:30
lai7hz77zna6frxj9mmjn2isho9s7ado	.eJxVjMsOwiAQRf-FtSE8JjC4dO83EGAGqRqalHZl_Hdt0oVu7znnvkRM29riNniJE4mz0OL0u-VUHtx3QPfUb7Msc1-XKctdkQcd8joTPy-H-3fQ0mjfGiAURu-crbUCZa-sB01GeUZdAY0jcMZqr2suaDhZJK0sZlLBcA7i_QHL-jdO:1sfkL8:ZooTgj1bOzOAmJpKMskr7lZyud_dJwBO-m6QEuxWsco	2024-08-19 00:39:18.270449+05:30
kuxrctpidi7i10mf8txdavojygj106bm	.eJxVjMsOwiAQRf-FtSE8JjC4dO83EGAGqRqalHZl_Hdt0oVu7znnvkRM29riNniJE4mz0OL0u-VUHtx3QPfUb7Msc1-XKctdkQcd8joTPy-H-3fQ0mjfGiAURu-crbUCZa-sB01GeUZdAY0jcMZqr2suaDhZJK0sZlLBcA7i_QHL-jdO:1sfmJC:vVVDT1hY_N0k5ngN5jenoJ9wnmYXdAYyD_Cbc99r4X4	2024-08-19 02:45:26.278602+05:30
vphxmpcg5s9jrbvpymbfgpcvnq9xgm86	.eJxVjMsOwiAQRf-FtSE8JjC4dO83EGAGqRqalHZl_Hdt0oVu7znnvkRM29riNniJE4mz0OL0u-VUHtx3QPfUb7Msc1-XKctdkQcd8joTPy-H-3fQ0mjfGiAURu-crbUCZa-sB01GeUZdAY0jcMZqr2suaDhZJK0sZlLBcA7i_QHL-jdO:1sg5OI:28dEH4fygzlXXBM_UrECa_PT3UOJEMhTJkdJXKomV60	2024-08-19 23:07:58.743466+05:30
plamzwylwpidi219idonwtszaburw0rs	.eJxVjMsOwiAQRf-FtSE8JjC4dO83EGAGqRqalHZl_Hdt0oVu7znnvkRM29riNniJE4mz0OL0u-VUHtx3QPfUb7Msc1-XKctdkQcd8joTPy-H-3fQ0mjfGiAURu-crbUCZa-sB01GeUZdAY0jcMZqr2suaDhZJK0sZlLBcA7i_QHL-jdO:1sg6SQ:vd79MAMKBCiBEOYc2gpyQRo6tiEi79HxXxJUoR1w-yU	2024-08-20 00:16:18.405964+05:30
2mb0jikte63rqfj5yuj7i3akaj05ou29	.eJxVjMsOwiAQRf-FtSE8JjC4dO83EGAGqRqalHZl_Hdt0oVu7znnvkRM29riNniJE4mz0OL0u-VUHtx3QPfUb7Msc1-XKctdkQcd8joTPy-H-3fQ0mjfGiAURu-crbUCZa-sB01GeUZdAY0jcMZqr2suaDhZJK0sZlLBcA7i_QHL-jdO:1sgIGo:8322anWk_PrnrDGpyrDjhkUhiQIpXylpaUXWdKu138A	2024-08-20 12:53:06.001113+05:30
72lgn4a0nafgjehnnntgvgj4vkvch451	.eJxVjMsOwiAQRf-FtSE8JjC4dO83EGAGqRqalHZl_Hdt0oVu7znnvkRM29riNniJE4mz0OL0u-VUHtx3QPfUb7Msc1-XKctdkQcd8joTPy-H-3fQ0mjfGiAURu-crbUCZa-sB01GeUZdAY0jcMZqr2suaDhZJK0sZlLBcA7i_QHL-jdO:1sgK7d:9YPP5sa_W41bzwLQW7ncf6Ust4joZKP6rtuk5slYNM8	2024-08-20 14:51:45.504087+05:30
p5v8k2olg1gn8nwu6ik9gcdz0cgd04r9	.eJxVjMsOwiAQRf-FtSE8JjC4dO83EGAGqRqalHZl_Hdt0oVu7znnvkRM29riNniJE4mz0OL0u-VUHtx3QPfUb7Msc1-XKctdkQcd8joTPy-H-3fQ0mjfGiAURu-crbUCZa-sB01GeUZdAY0jcMZqr2suaDhZJK0sZlLBcA7i_QHL-jdO:1sgLHv:POBahWXmuKy6A25UXftRVg0T_AcP42vtHoEvy5g2nZ4	2024-08-20 16:06:27.682022+05:30
77dz2xviwnvgjcg21iogeao4mffhyhjf	.eJxVjMsOwiAQRf-FtSE8JjC4dO83EGAGqRqalHZl_Hdt0oVu7znnvkRM29riNniJE4mz0OL0u-VUHtx3QPfUb7Msc1-XKctdkQcd8joTPy-H-3fQ0mjfGiAURu-crbUCZa-sB01GeUZdAY0jcMZqr2suaDhZJK0sZlLBcA7i_QHL-jdO:1sgNgY:0mDN3XwerzD_wr86umuw1f7c95pkaS9-KQ6bM3EMNds	2024-08-20 18:40:02.384089+05:30
7u0096jmnphld31uglnejqe0ky6qwz1b	.eJxVjMsOwiAQRf-FtSE8JjC4dO83EGAGqRqalHZl_Hdt0oVu7znnvkRM29riNniJE4mz0OL0u-VUHtx3QPfUb7Msc1-XKctdkQcd8joTPy-H-3fQ0mjfGiAURu-crbUCZa-sB01GeUZdAY0jcMZqr2suaDhZJK0sZlLBcA7i_QHL-jdO:1sgPkd:CbydzEAiKe_oggpF6_x9tErrHZd3RSpYpmZe7DbOEj4	2024-08-20 20:52:23.223888+05:30
5mpxm83wcy86jdfusycqjnf3fh59pgxr	.eJxVjMsOwiAQRf-FtSE8JjC4dO83EGAGqRqalHZl_Hdt0oVu7znnvkRM29riNniJE4mz0OL0u-VUHtx3QPfUb7Msc1-XKctdkQcd8joTPy-H-3fQ0mjfGiAURu-crbUCZa-sB01GeUZdAY0jcMZqr2suaDhZJK0sZlLBcA7i_QHL-jdO:1sgTKK:p4k9YCvKGwDbJRCrmDjs9to0p6Eg3DxNf5datj0Lgw0	2024-08-21 00:41:28.864383+05:30
q0g5g796r2tbqnhat8qksz3vfmu19pdi	.eJxVjMsOwiAQRf-FtSE8JjC4dO83EGAGqRqalHZl_Hdt0oVu7znnvkRM29riNniJE4mz0OL0u-VUHtx3QPfUb7Msc1-XKctdkQcd8joTPy-H-3fQ0mjfGiAURu-crbUCZa-sB01GeUZdAY0jcMZqr2suaDhZJK0sZlLBcA7i_QHL-jdO:1sgdAt:YVhtAOu6aza90oZRhr9yfShqEn--xkLpakRY49BEJww	2024-08-21 11:12:23.969739+05:30
lvwuiquyn5qosy3d54yw0aw2napjjwb9	.eJxVjMsOwiAQRf-FtSE8JjC4dO83EGAGqRqalHZl_Hdt0oVu7znnvkRM29riNniJE4mz0OL0u-VUHtx3QPfUb7Msc1-XKctdkQcd8joTPy-H-3fQ0mjfGiAURu-crbUCZa-sB01GeUZdAY0jcMZqr2suaDhZJK0sZlLBcA7i_QHL-jdO:1sgiNL:bOduPSlrivZ2cXusrwnsPGB_eIfNv9uIFQLKCFqrfIw	2024-08-21 16:45:35.749613+05:30
e3noa9zbb5n6r9mybk3iqfbhqylak4gz	.eJxVjMsOwiAQRf-FtSE8JjC4dO83EGAGqRqalHZl_Hdt0oVu7znnvkRM29riNniJE4mz0OL0u-VUHtx3QPfUb7Msc1-XKctdkQcd8joTPy-H-3fQ0mjfGiAURu-crbUCZa-sB01GeUZdAY0jcMZqr2suaDhZJK0sZlLBcA7i_QHL-jdO:1sgnwd:mfIPG_51eD_Z2gAbFGPSkTA267OxAfZXC_RbH_UOmP0	2024-08-21 22:42:23.441465+05:30
fqmzqvku0e2kjqfg1etwtfx30zvjdv18	.eJxVjMsOwiAQRf-FtSE8JjC4dO83EGAGqRqalHZl_Hdt0oVu7znnvkRM29riNniJE4mz0OL0u-VUHtx3QPfUb7Msc1-XKctdkQcd8joTPy-H-3fQ0mjfGiAURu-crbUCZa-sB01GeUZdAY0jcMZqr2suaDhZJK0sZlLBcA7i_QHL-jdO:1sgpFq:vQI4BMUgYPkNdsjmdnZ2-ZxCmIy7jT5zvTVgAjfCYLE	2024-08-22 00:06:18.103801+05:30
d64uv45ed66b868lr725akb7qd5ece93	.eJxVjMsOwiAQRf-FtSE8JjC4dO83EGAGqRqalHZl_Hdt0oVu7znnvkRM29riNniJE4mz0OL0u-VUHtx3QPfUb7Msc1-XKctdkQcd8joTPy-H-3fQ0mjfGiAURu-crbUCZa-sB01GeUZdAY0jcMZqr2suaDhZJK0sZlLBcA7i_QHL-jdO:1sh0DL:2_1h0713LklKomKH57q8CnpRB2RH57pagVdkQug-QyY	2024-08-22 11:48:27.054763+05:30
thzrttdk17df3ovd6cgydbrwlbsrjhmo	.eJxVjMsOwiAQRf-FtSE8JjC4dO83EGAGqRqalHZl_Hdt0oVu7znnvkRM29riNniJE4mz0OL0u-VUHtx3QPfUb7Msc1-XKctdkQcd8joTPy-H-3fQ0mjfGiAURu-crbUCZa-sB01GeUZdAY0jcMZqr2suaDhZJK0sZlLBcA7i_QHL-jdO:1sh4J3:-5IorZK3H09F2LgqauMNdQ5WQt1zt6NVeEYDrJwiGGM	2024-08-22 16:10:37.103472+05:30
s5dxhkpr08ftkwdln66sbywb8m4mekzs	.eJxVjMsOwiAQRf-FtSE8JjC4dO83EGAGqRqalHZl_Hdt0oVu7znnvkRM29riNniJE4mz0OL0u-VUHtx3QPfUb7Msc1-XKctdkQcd8joTPy-H-3fQ0mjfGiAURu-crbUCZa-sB01GeUZdAY0jcMZqr2suaDhZJK0sZlLBcA7i_QHL-jdO:1sh6Wj:J9IrkH_MCs-DvYnlKUERhVDZPiDuaTbSxFJd2GYjbkw	2024-08-22 18:32:53.21274+05:30
b63cgeq35xjn55vrqu42mbazqnyqghdu	.eJxVjMsOwiAQRf-FtSE8JjC4dO83EGAGqRqalHZl_Hdt0oVu7znnvkRM29riNniJE4mz0OL0u-VUHtx3QPfUb7Msc1-XKctdkQcd8joTPy-H-3fQ0mjfGiAURu-crbUCZa-sB01GeUZdAY0jcMZqr2suaDhZJK0sZlLBcA7i_QHL-jdO:1sh7jv:p_ivcH4NnoiuH6l8YD7CzT5cBkVkRgozsyHHWhona0s	2024-08-22 19:50:35.994729+05:30
e40cvjfp8184qiovjoqerga8dj8uxbyn	.eJxVjMsOwiAQRf-FtSE8JjC4dO83EGAGqRqalHZl_Hdt0oVu7znnvkRM29riNniJE4mz0OL0u-VUHtx3QPfUb7Msc1-XKctdkQcd8joTPy-H-3fQ0mjfGiAURu-crbUCZa-sB01GeUZdAY0jcMZqr2suaDhZJK0sZlLBcA7i_QHL-jdO:1sh8n1:K3YQvPHGqqkZjWRJXPdEXWdIYBzv6z-UleBMgOLCabA	2024-08-22 20:57:51.24118+05:30
wx3qy1ujwa0k6zd4h5zu0z1cu9yz3ao0	.eJxVjMsOwiAQRf-FtSE8JjC4dO83EGAGqRqalHZl_Hdt0oVu7znnvkRM29riNniJE4mz0OL0u-VUHtx3QPfUb7Msc1-XKctdkQcd8joTPy-H-3fQ0mjfGiAURu-crbUCZa-sB01GeUZdAY0jcMZqr2suaDhZJK0sZlLBcA7i_QHL-jdO:1shBSZ:ZNVX3GjNWTOgdLgssA40-m8IjfKy-x8lbeUu3hwcoFg	2024-08-22 23:48:55.763152+05:30
blgwff361uhpart64dg7tqj1h2tfwn97	.eJxVjMsOwiAQRf-FtSE8JjC4dO83EGAGqRqalHZl_Hdt0oVu7znnvkRM29riNniJE4mz0OL0u-VUHtx3QPfUb7Msc1-XKctdkQcd8joTPy-H-3fQ0mjfGiAURu-crbUCZa-sB01GeUZdAY0jcMZqr2suaDhZJK0sZlLBcA7i_QHL-jdO:1shCco:cjOzaPrH6ato9pkzJnJK0_Hjt_V2SXTCugBg0lKdYF4	2024-08-23 01:03:34.578818+05:30
qktde5dd00rjkc6q6uajg1nbdwpjqo7g	.eJxVjMsOwiAQRf-FtSE8JjC4dO83EGAGqRqalHZl_Hdt0oVu7znnvkRM29riNniJE4mz0OL0u-VUHtx3QPfUb7Msc1-XKctdkQcd8joTPy-H-3fQ0mjfGiAURu-crbUCZa-sB01GeUZdAY0jcMZqr2suaDhZJK0sZlLBcA7i_QHL-jdO:1shDah:hM9WQswrEZrqaV5wkVr-CXvL6RkrhdjgfTbVNVwOT3U	2024-08-23 02:05:27.073833+05:30
lew4im6wpy1v5ezrt9etdppvqsa05o67	.eJxVjMsOwiAQRf-FtSE8JjC4dO83EGAGqRqalHZl_Hdt0oVu7znnvkRM29riNniJE4mz0OL0u-VUHtx3QPfUb7Msc1-XKctdkQcd8joTPy-H-3fQ0mjfGiAURu-crbUCZa-sB01GeUZdAY0jcMZqr2suaDhZJK0sZlLBcA7i_QHL-jdO:1shM6O:ptuExU2n7nXsYAOj1qU62NoyBLF858IKqxYyut6NV5E	2024-08-23 11:10:44.872201+05:30
zpckop8s95ohyytjgmkhbc8oqr7m4u2e	.eJxVjMsOwiAQRf-FtSE8JjC4dO83EGAGqRqalHZl_Hdt0oVu7znnvkRM29riNniJE4mz0OL0u-VUHtx3QPfUb7Msc1-XKctdkQcd8joTPy-H-3fQ0mjfGiAURu-crbUCZa-sB01GeUZdAY0jcMZqr2suaDhZJK0sZlLBcA7i_QHL-jdO:1shN4o:CHry_JRFpCLQnYuS38mWpj7d0EN-R3oYLAFq4Gbas64	2024-08-23 12:13:10.268861+05:30
nmiticxzwsycpqkag24hb91x2axt0vzi	.eJxVjMsOwiAQRf-FtSE8JjC4dO83EGAGqRqalHZl_Hdt0oVu7znnvkRM29riNniJE4mz0OL0u-VUHtx3QPfUb7Msc1-XKctdkQcd8joTPy-H-3fQ0mjfGiAURu-crbUCZa-sB01GeUZdAY0jcMZqr2suaDhZJK0sZlLBcA7i_QHL-jdO:1shOuU:jF5RgDS9XG4ZaPppOOmrPZglRjYJUdvZ1W1gD8huwZk	2024-08-23 14:10:38.601095+05:30
xjm1ow7sop02b6mrwpkz5o2lozokcn3x	.eJxVjMsOwiAQRf-FtSE8JjC4dO83EGAGqRqalHZl_Hdt0oVu7znnvkRM29riNniJE4mz0OL0u-VUHtx3QPfUb7Msc1-XKctdkQcd8joTPy-H-3fQ0mjfGiAURu-crbUCZa-sB01GeUZdAY0jcMZqr2suaDhZJK0sZlLBcA7i_QHL-jdO:1shQkp:Yw3l4_CjDa_xLa8Aztp_UibPCl1P_NNGUW6Gj6bWv9M	2024-08-23 16:08:47.582594+05:30
0nq8dafau6m6iga8pzuqq8qf70553bgz	.eJxVjMsOwiAQRf-FtSE8JjC4dO83EGAGqRqalHZl_Hdt0oVu7znnvkRM29riNniJE4mz0OL0u-VUHtx3QPfUb7Msc1-XKctdkQcd8joTPy-H-3fQ0mjfGiAURu-crbUCZa-sB01GeUZdAY0jcMZqr2suaDhZJK0sZlLBcA7i_QHL-jdO:1shRll:UvlfH5E92RTfaU5wa5ZhLNTmmwAE3msAH-eW34CIFcA	2024-08-23 17:13:49.895955+05:30
mps8n4uwuujvs92rqy8figt4ob7de35x	.eJxVjMsOwiAQRf-FtSE8JjC4dO83EGAGqRqalHZl_Hdt0oVu7znnvkRM29riNniJE4mz0OL0u-VUHtx3QPfUb7Msc1-XKctdkQcd8joTPy-H-3fQ0mjfGiAURu-crbUCZa-sB01GeUZdAY0jcMZqr2suaDhZJK0sZlLBcA7i_QHL-jdO:1shTUH:qtFxbIF0A55-nBYLzfgxNXIlug1JM_egCsACHHsKlfA	2024-08-23 19:03:53.999317+05:30
icfvwln5prphsrkl18ae067g3ymkmrie	.eJxVjMsOwiAQRf-FtSE8JjC4dO83EGAGqRqalHZl_Hdt0oVu7znnvkRM29riNniJE4mz0OL0u-VUHtx3QPfUb7Msc1-XKctdkQcd8joTPy-H-3fQ0mjfGiAURu-crbUCZa-sB01GeUZdAY0jcMZqr2suaDhZJK0sZlLBcA7i_QHL-jdO:1shVXC:HCCeE8Lsk44twbuTq0Iiefq99r-5qFYoeccfnS5pWyk	2024-08-23 21:15:02.489862+05:30
5j84vlc3owt5mkvh8ya4209txq5wz7x1	.eJxVjMsOwiAQRf-FtSE8JjC4dO83EGAGqRqalHZl_Hdt0oVu7znnvkRM29riNniJE4mz0OL0u-VUHtx3QPfUb7Msc1-XKctdkQcd8joTPy-H-3fQ0mjfGiAURu-crbUCZa-sB01GeUZdAY0jcMZqr2suaDhZJK0sZlLBcA7i_QHL-jdO:1shWpZ:VPtXl_mbiCADPjiaXupiEmUw673peoOCzbstyOWN8xQ	2024-08-23 22:38:05.782519+05:30
o69s46vn6ibuw4btfv4qkgtkz472k5jb	.eJxVjMsOwiAQRf-FtSE8JjC4dO83EGAGqRqalHZl_Hdt0oVu7znnvkRM29riNniJE4mz0OL0u-VUHtx3QPfUb7Msc1-XKctdkQcd8joTPy-H-3fQ0mjfGiAURu-crbUCZa-sB01GeUZdAY0jcMZqr2suaDhZJK0sZlLBcA7i_QHL-jdO:1shYbo:UoFQOUiHWyrNyPAPFQTE3SpqtNCGRewQ0UoN7m-KXqo	2024-08-24 00:32:00.524892+05:30
udb8697fcg1smgdshbdgaqpfr4db89xj	.eJxVjMsOwiAQRf-FtSE8JjC4dO83EGAGqRqalHZl_Hdt0oVu7znnvkRM29riNniJE4mz0OL0u-VUHtx3QPfUb7Msc1-XKctdkQcd8joTPy-H-3fQ0mjfGiAURu-crbUCZa-sB01GeUZdAY0jcMZqr2suaDhZJK0sZlLBcA7i_QHL-jdO:1shjjS:fktbk-e932yehH8Li1zwhuio6YVvVyiLUxd48njs3H8	2024-08-24 12:24:38.18433+05:30
pr57h7ml40cwqizmjph9t510k9blecd0	.eJxVjMsOwiAQRf-FtSE8JjC4dO83EGAGqRqalHZl_Hdt0oVu7znnvkRM29riNniJE4mz0OL0u-VUHtx3QPfUb7Msc1-XKctdkQcd8joTPy-H-3fQ0mjfGiAURu-crbUCZa-sB01GeUZdAY0jcMZqr2suaDhZJK0sZlLBcA7i_QHL-jdO:1shnAc:0GHxva4i10FDJLBUanfRkj6xpAcovSouboePcM1hVxU	2024-08-24 16:04:54.342797+05:30
al4o08nts1chlqq2coxct03ttlo9ymuq	.eJxVjMsOwiAQRf-FtSE8JjC4dO83EGAGqRqalHZl_Hdt0oVu7znnvkRM29riNniJE4mz0OL0u-VUHtx3QPfUb7Msc1-XKctdkQcd8joTPy-H-3fQ0mjfGiAURu-crbUCZa-sB01GeUZdAY0jcMZqr2suaDhZJK0sZlLBcA7i_QHL-jdO:1shoXa:nz_xAMf9c7EgGqvSSPCarh023GWS4rT7zpdJU7OQufE	2024-08-24 17:32:42.542283+05:30
ybtcvgbm57jsj3rp4yitdgz79dndvv6q	.eJxVjMsOwiAQRf-FtSE8JjC4dO83EGAGqRqalHZl_Hdt0oVu7znnvkRM29riNniJE4mz0OL0u-VUHtx3QPfUb7Msc1-XKctdkQcd8joTPy-H-3fQ0mjfGiAURu-crbUCZa-sB01GeUZdAY0jcMZqr2suaDhZJK0sZlLBcA7i_QHL-jdO:1shpXY:A4IrCcbh5VWvTFzyGLL5_MbFXCRzmeIO7AHULcFWhhE	2024-08-24 18:36:44.674125+05:30
6r9qjc4pcz5zuvwv10by8114a6d3yi9m	.eJxVjMsOwiAQRf-FtSE8JjC4dO83EGAGqRqalHZl_Hdt0oVu7znnvkRM29riNniJE4mz0OL0u-VUHtx3QPfUb7Msc1-XKctdkQcd8joTPy-H-3fQ0mjfGiAURu-crbUCZa-sB01GeUZdAY0jcMZqr2suaDhZJK0sZlLBcA7i_QHL-jdO:1shsjq:VND3T58uiMLX623WLf4dvPJmmuaND_elgNYPCwysQ0k	2024-08-24 22:01:38.411537+05:30
68lgiyatrceyhm7lbsfne2l1sk4t2xki	.eJxVjMsOwiAQRf-FtSE8JjC4dO83EGAGqRqalHZl_Hdt0oVu7znnvkRM29riNniJE4mz0OL0u-VUHtx3QPfUb7Msc1-XKctdkQcd8joTPy-H-3fQ0mjfGiAURu-crbUCZa-sB01GeUZdAY0jcMZqr2suaDhZJK0sZlLBcA7i_QHL-jdO:1shtg9:Gvy8yFBBz3bCTfIfsI2G0lyyMRB2GISjMSyHSCiqcbk	2024-08-24 23:01:53.144943+05:30
u034i4rm28segstz9n006kyqepr82n2e	.eJxVjMsOwiAQRf-FtSE8JjC4dO83EGAGqRqalHZl_Hdt0oVu7znnvkRM29riNniJE4mz0OL0u-VUHtx3QPfUb7Msc1-XKctdkQcd8joTPy-H-3fQ0mjfGiAURu-crbUCZa-sB01GeUZdAY0jcMZqr2suaDhZJK0sZlLBcA7i_QHL-jdO:1shxLv:IXv9ML8pvYBeDX6OGdV8n_y928XWOXRSbrXV4Wz5aio	2024-08-25 02:57:15.571144+05:30
zt5bayio0yh4bxuaykfrsaaxrbilfs17	.eJxVjEEOwiAQRe_C2hCgMIhL9z0DYZhBqoYmpV0Z765NutDtf-_9l4hpW2vcOi9xInERWpx-N0z5wW0HdE_tNss8t3WZUO6KPGiX40z8vB7u30FNvX5rZZGMT5kwaB1KQWOBQCkEbT2ffWA03iIG8EFB1uCABrBcyBfnBhTvD-JQN7E:1si7Df:h62J4COVtwsnq7FQvjHAqmFSYOzen4Qd0LeQhm4aplc	2024-08-25 13:29:23.254292+05:30
2arjt9dk7naka41xbnsfx2y9w24l2ute	.eJxVjEEOwiAQRe_C2hCgMIhL9z0DYZhBqoYmpV0Z765NutDtf-_9l4hpW2vcOi9xInERWpx-N0z5wW0HdE_tNss8t3WZUO6KPGiX40z8vB7u30FNvX5rZZGMT5kwaB1KQWOBQCkEbT2ffWA03iIG8EFB1uCABrBcyBfnBhTvD-JQN7E:1si92I:PRtkNRaGMBS2q9g12Ojgwaea4AkmnhW3sSi1j_tPWgU	2024-08-25 15:25:46.165801+05:30
km4abhki6r9srdi36ih4r5eflujxaeou	.eJxVjEEOwiAQRe_C2hCgMIhL9z0DYZhBqoYmpV0Z765NutDtf-_9l4hpW2vcOi9xInERWpx-N0z5wW0HdE_tNss8t3WZUO6KPGiX40z8vB7u30FNvX5rZZGMT5kwaB1KQWOBQCkEbT2ffWA03iIG8EFB1uCABrBcyBfnBhTvD-JQN7E:1siA8q:DNtnMgiYHufPGnRnnJDo93VdTIkHdEiYJmS715y7r0o	2024-08-25 16:36:36.166922+05:30
wsy34eo40sqlvciy29hqokcy7x1ywjnf	.eJxVjEEOwiAQRe_C2hCgMIhL9z0DYZhBqoYmpV0Z765NutDtf-_9l4hpW2vcOi9xInERWpx-N0z5wW0HdE_tNss8t3WZUO6KPGiX40z8vB7u30FNvX5rZZGMT5kwaB1KQWOBQCkEbT2ffWA03iIG8EFB1uCABrBcyBfnBhTvD-JQN7E:1siBMm:Tg1vtAYQBUYRrOAB4t1jImy5JHMcD-wQBA7mGlv5ZfE	2024-08-25 17:55:04.068067+05:30
thsi3y2tlagye530autq4xyw2fitvt10	.eJxVjEEOwiAQRe_C2hCgMIhL9z0DYZhBqoYmpV0Z765NutDtf-_9l4hpW2vcOi9xInERWpx-N0z5wW0HdE_tNss8t3WZUO6KPGiX40z8vB7u30FNvX5rZZGMT5kwaB1KQWOBQCkEbT2ffWA03iIG8EFB1uCABrBcyBfnBhTvD-JQN7E:1siDSd:UyrRyK7RIOHwPGXK0Oo8z0O3vK06AVP9JeGiL6mJLA4	2024-08-25 20:09:15.660239+05:30
v5028yuwlkt0p7cg8l80281dd4w1sxk5	.eJxVjEEOwiAQRe_C2hCgMIhL9z0DYZhBqoYmpV0Z765NutDtf-_9l4hpW2vcOi9xInERWpx-N0z5wW0HdE_tNss8t3WZUO6KPGiX40z8vB7u30FNvX5rZZGMT5kwaB1KQWOBQCkEbT2ffWA03iIG8EFB1uCABrBcyBfnBhTvD-JQN7E:1siHUs:SJqGepnmp-LlCs29cj-MMedd3NSKx5_NMBHRO_-UWS4	2024-08-26 00:27:50.641248+05:30
4vj6p2xkx2zv0xdn86emohxqfstzabsr	.eJxVjEEOwiAQRe_C2hCgMIhL9z0DYZhBqoYmpV0Z765NutDtf-_9l4hpW2vcOi9xInERWpx-N0z5wW0HdE_tNss8t3WZUO6KPGiX40z8vB7u30FNvX5rZZGMT5kwaB1KQWOBQCkEbT2ffWA03iIG8EFB1uCABrBcyBfnBhTvD-JQN7E:1siXJq:6TLJq2czthyvIf0NMHWDRMxokPSOPYxPBEnIeagptjI	2024-08-26 17:21:30.796014+05:30
5a62c70pl5m82cq2o9bxu7yry3rqi5zl	.eJxVjEEOwiAQRe_C2hCgMIhL9z0DYZhBqoYmpV0Z765NutDtf-_9l4hpW2vcOi9xInERWpx-N0z5wW0HdE_tNss8t3WZUO6KPGiX40z8vB7u30FNvX5rZZGMT5kwaB1KQWOBQCkEbT2ffWA03iIG8EFB1uCABrBcyBfnBhTvD-JQN7E:1sicEC:S-mtj9-LVUN9c1O4UDEs4c8_1EODFoKmtF91i9FmEXQ	2024-08-26 22:36:00.018336+05:30
yg9w5ri3rom1nh46kmo3mze0n57nnycv	.eJxVjEEOwiAQRe_C2hCgMIhL9z0DYZhBqoYmpV0Z765NutDtf-_9l4hpW2vcOi9xInERWpx-N0z5wW0HdE_tNss8t3WZUO6KPGiX40z8vB7u30FNvX5rZZGMT5kwaB1KQWOBQCkEbT2ffWA03iIG8EFB1uCABrBcyBfnBhTvD-JQN7E:1sidpu:4crXoyDYWlciqnKC5MqyBIDG0bl9wVp-CvSqOKmqtPg	2024-08-27 00:19:02.342338+05:30
c5x4jc0h28catyy3q4o3ra3pmedxob0u	.eJxVjEEOwiAQRe_C2hCgMIhL9z0DYZhBqoYmpV0Z765NutDtf-_9l4hpW2vcOi9xInERWpx-N0z5wW0HdE_tNss8t3WZUO6KPGiX40z8vB7u30FNvX5rZZGMT5kwaB1KQWOBQCkEbT2ffWA03iIG8EFB1uCABrBcyBfnBhTvD-JQN7E:1siq7n:iyMRk2wRaXOEXROVVo9yydrK8hygXBs7FwOP-mp-r0Q	2024-08-27 13:26:19.979632+05:30
v3eyze95le1udhxjwzaw606u2tz4vwk6	.eJxVjEEOwiAQRe_C2hCgMIhL9z0DYZhBqoYmpV0Z765NutDtf-_9l4hpW2vcOi9xInERWpx-N0z5wW0HdE_tNss8t3WZUO6KPGiX40z8vB7u30FNvX5rZZGMT5kwaB1KQWOBQCkEbT2ffWA03iIG8EFB1uCABrBcyBfnBhTvD-JQN7E:1sirMr:h9hjeUT5L2LuulCAWRmmhQ0aDnd0gA3sFtCxILBprwI	2024-08-27 14:45:57.146753+05:30
xriff6o04oh50lzvikwbqk7gz6f9flzi	.eJxVjEEOwiAQRe_C2hCgMIhL9z0DYZhBqoYmpV0Z765NutDtf-_9l4hpW2vcOi9xInERWpx-N0z5wW0HdE_tNss8t3WZUO6KPGiX40z8vB7u30FNvX5rZZGMT5kwaB1KQWOBQCkEbT2ffWA03iIG8EFB1uCABrBcyBfnBhTvD-JQN7E:1sivoW:0CHKcVfnw5rYSyHnyVQlBqXTe4wAsjjOMiA6BKZ0e2w	2024-08-27 19:30:48.693566+05:30
urjw205lohntbdn4xaalcyrfzw2ywgny	.eJxVjEEOwiAQRe_C2hCgMIhL9z0DYZhBqoYmpV0Z765NutDtf-_9l4hpW2vcOi9xInERWpx-N0z5wW0HdE_tNss8t3WZUO6KPGiX40z8vB7u30FNvX5rZZGMT5kwaB1KQWOBQCkEbT2ffWA03iIG8EFB1uCABrBcyBfnBhTvD-JQN7E:1siyMo:Z8giv-_oD3JqHZDZkz5d4HY25xqwrOneyNiGew6tNSw	2024-08-27 22:14:22.100711+05:30
57iwwh77pwqs5nks6htz65ey7o64e8dz	.eJxVjEEOwiAQRe_C2hCgMIhL9z0DYZhBqoYmpV0Z765NutDtf-_9l4hpW2vcOi9xInERWpx-N0z5wW0HdE_tNss8t3WZUO6KPGiX40z8vB7u30FNvX5rZZGMT5kwaB1KQWOBQCkEbT2ffWA03iIG8EFB1uCABrBcyBfnBhTvD-JQN7E:1sj00g:6CM3LrR7becsUULWt5nKty5nIbc9b0sw80GrLVwXMBo	2024-08-27 23:59:38.427056+05:30
01rjt9uo2etcx4ofgsd18nr9ybkz8t5u	.eJxVjEEOwiAQRe_C2hCgMIhL9z0DYZhBqoYmpV0Z765NutDtf-_9l4hpW2vcOi9xInERWpx-N0z5wW0HdE_tNss8t3WZUO6KPGiX40z8vB7u30FNvX5rZZGMT5kwaB1KQWOBQCkEbT2ffWA03iIG8EFB1uCABrBcyBfnBhTvD-JQN7E:1sj0xv:ZmkpYbsHjy4U2WdCxVY3nWenohk55xy9X90bH6DMSv0	2024-08-28 01:00:51.547901+05:30
be92kdscelr94ois3g7vm8q1ff2fmr6q	.eJxVjEEOwiAQRe_C2hCgMIhL9z0DYZhBqoYmpV0Z765NutDtf-_9l4hpW2vcOi9xInERWpx-N0z5wW0HdE_tNss8t3WZUO6KPGiX40z8vB7u30FNvX5rZZGMT5kwaB1KQWOBQCkEbT2ffWA03iIG8EFB1uCABrBcyBfnBhTvD-JQN7E:1sj9Es:dE1PVZYE4IHY66eMoSLNCJUHBRlxfWnX2gwev-6UuJU	2024-08-28 09:50:54.554374+05:30
tebtv30f7vp8j7hdlisy5jmta0stepz3	.eJxVjEEOwiAQRe_C2hCgMIhL9z0DYZhBqoYmpV0Z765NutDtf-_9l4hpW2vcOi9xInERWpx-N0z5wW0HdE_tNss8t3WZUO6KPGiX40z8vB7u30FNvX5rZZGMT5kwaB1KQWOBQCkEbT2ffWA03iIG8EFB1uCABrBcyBfnBhTvD-JQN7E:1sjBKN:3wvsokxnqMwwLPLZS_db7f4kvyneTacWCGecPD8Ce-U	2024-08-28 12:04:43.047222+05:30
6uhd46es3g7gvloqsrnhulgkubg1n9jy	.eJxVjEEOwiAQRe_C2hCgMIhL9z0DYZhBqoYmpV0Z765NutDtf-_9l4hpW2vcOi9xInERWpx-N0z5wW0HdE_tNss8t3WZUO6KPGiX40z8vB7u30FNvX5rZZGMT5kwaB1KQWOBQCkEbT2ffWA03iIG8EFB1uCABrBcyBfnBhTvD-JQN7E:1sjFfv:euNQ2pyjDhAmePbOW12LXsycG1BKKUtqtW1Z-D2hjSk	2024-08-28 16:43:15.483457+05:30
2n55q9m7m4ppy13sou5r5l3unt5me8oi	.eJxVjEEOwiAQRe_C2hCgMIhL9z0DYZhBqoYmpV0Z765NutDtf-_9l4hpW2vcOi9xInERWpx-N0z5wW0HdE_tNss8t3WZUO6KPGiX40z8vB7u30FNvX5rZZGMT5kwaB1KQWOBQCkEbT2ffWA03iIG8EFB1uCABrBcyBfnBhTvD-JQN7E:1sjH1N:MxQGHGFXe1ni2j9WbWBxzCbG6uNMQavqRFQBTPP4mE8	2024-08-28 18:09:29.809966+05:30
2m4p6p4fj2xt12vvdsm98yht4xz5vsqr	.eJxVjEEOwiAQRe_C2hCgMIhL9z0DYZhBqoYmpV0Z765NutDtf-_9l4hpW2vcOi9xInERWpx-N0z5wW0HdE_tNss8t3WZUO6KPGiX40z8vB7u30FNvX5rZZGMT5kwaB1KQWOBQCkEbT2ffWA03iIG8EFB1uCABrBcyBfnBhTvD-JQN7E:1sjtLF:VE4KTwZkgRNyyyibeFhZKOZ49_1u3g3RiaNbpg4UICs	2024-08-30 11:04:33.102809+05:30
5oeb9yu4ytkktbqehahxwnykt57bfj19	.eJxVjEEOwiAQRe_C2hCgMIhL9z0DYZhBqoYmpV0Z765NutDtf-_9l4hpW2vcOi9xInERWpx-N0z5wW0HdE_tNss8t3WZUO6KPGiX40z8vB7u30FNvX5rZZGMT5kwaB1KQWOBQCkEbT2ffWA03iIG8EFB1uCABrBcyBfnBhTvD-JQN7E:1sk3gv:i_K03Y-V56BCzJg7yzHBfnnKSY6NUSQb2TXExTOwuIU	2024-08-30 22:07:37.859834+05:30
ostfrtzp74fcyms9xkx8kjk9b5wh2fn1	.eJxVjEEOwiAQRe_C2hCgMIhL9z0DYZhBqoYmpV0Z765NutDtf-_9l4hpW2vcOi9xInERWpx-N0z5wW0HdE_tNss8t3WZUO6KPGiX40z8vB7u30FNvX5rZZGMT5kwaB1KQWOBQCkEbT2ffWA03iIG8EFB1uCABrBcyBfnBhTvD-JQN7E:1sl5Kk:q-8-_PqGhaUtnUccRjv79wwaxQwWWZwl_YcVSQTduSw	2024-09-02 18:04:58.18062+05:30
v89rj6xicmhbsswkeavbpqg03j3jyf4e	.eJxVjEEOwiAQRe_C2hCgMIhL9z0DYZhBqoYmpV0Z765NutDtf-_9l4hpW2vcOi9xInERWpx-N0z5wW0HdE_tNss8t3WZUO6KPGiX40z8vB7u30FNvX5rZZGMT5kwaB1KQWOBQCkEbT2ffWA03iIG8EFB1uCABrBcyBfnBhTvD-JQN7E:1sll5Y:C_wvVKbx3rCtpEB41jbVnQXsuHzabRUTTeI7LO4Y-lM	2024-09-04 14:40:04.827222+05:30
\.


--
-- Data for Name: upload_category; Type: TABLE DATA; Schema: public; Owner: postgres
--

COPY public.upload_category (id, name) FROM stdin;
1	Urban
2	Rural
3	Incredible India
4	Tourism
\.


--
-- Data for Name: upload_content; Type: TABLE DATA; Schema: public; Owner: postgres
--

COPY public.upload_content (id, title, description, start_time, end_time, created_by_id, department_id) FROM stdin;
2	Social Media Content		2024-09-15 06:48:00+05:30	\N	1	2
\.


--
-- Data for Name: upload_conversation; Type: TABLE DATA; Schema: public; Owner: postgres
--

COPY public.upload_conversation (id, created_at) FROM stdin;
14	2024-08-28 08:52:02.36718+05:30
15	2024-08-28 11:29:17.69686+05:30
16	2024-08-28 12:32:41.361692+05:30
17	2024-08-28 12:32:43.97528+05:30
18	2024-08-28 12:32:45.191985+05:30
19	2024-08-28 12:32:51.489489+05:30
20	2024-08-28 14:33:35.283477+05:30
21	2024-08-28 14:34:27.039478+05:30
22	2024-08-28 18:56:53.784524+05:30
\.


--
-- Data for Name: upload_conversation_participants; Type: TABLE DATA; Schema: public; Owner: postgres
--

COPY public.upload_conversation_participants (id, conversation_id, user_id) FROM stdin;
18	14	1
19	14	45
20	15	1
21	15	43
22	16	1
23	16	57
24	17	56
25	17	1
26	18	1
27	18	47
28	19	1
29	19	58
30	20	1
31	20	46
32	21	1
33	21	44
34	22	48
35	22	1
\.


--
-- Data for Name: upload_department; Type: TABLE DATA; Schema: public; Owner: postgres
--

COPY public.upload_department (id, name, parent_id) FROM stdin;
1	Super Department	\N
2	BSNL	\N
13	NBM	\N
3	Digital Bharat Nidhi	\N
\.


--
-- Data for Name: upload_division; Type: TABLE DATA; Schema: public; Owner: postgres
--

COPY public.upload_division (id, name, department_id) FROM stdin;
1	BSNL Division	2
2	Division Tourism	3
3	Division Post	13
4	Division DOT	2
\.


--
-- Data for Name: upload_document; Type: TABLE DATA; Schema: public; Owner: postgres
--

COPY public.upload_document (id, title, docfile, status, last_modified, rating, category_id, department_id, user_id, status_change_date) FROM stdin;
22	Docu	documents/admin/Test_Q69xqgp.pdf	Approved	2024-08-22 19:36:38.607605+05:30	2	1	2	1	2024-08-22
8	Papers	documents/admin/Test_emO2lG1.pdf	Approved	2024-08-20 11:52:38.755667+05:30	2	2	2	1	2024-08-22
\.


--
-- Data for Name: upload_engagement; Type: TABLE DATA; Schema: public; Owner: postgres
--

COPY public.upload_engagement (id, retweets, likes, replies, updated_at, tweet_id) FROM stdin;
\.


--
-- Data for Name: upload_event; Type: TABLE DATA; Schema: public; Owner: postgres
--

COPY public.upload_event (id, title, description, start_time, end_time, created_by_id, department_id) FROM stdin;
9	5G launch		2024-09-10 07:57:00+05:30	2024-09-12 05:58:00+05:30	1	13
\.


--
-- Data for Name: upload_image; Type: TABLE DATA; Schema: public; Owner: postgres
--

COPY public.upload_image (id, title, image, status, rating, dated, category_id, department_id, user_id, status_change_date) FROM stdin;
42	Temple	images/User1/OIP_1.jfif	Approved	2	2024-08-24	4	3	43	2024-08-24
38	Delhi	images/User2/download_3_HrLzkpr.jfif	Approved	2	2024-08-24	3	2	47	2024-08-25
40	Waterfall	images/User1/OIP_D1Hpkxy.jfif	Rejected	2	2024-08-24	4	3	43	2024-08-25
39	Monument	images/User2/download.jfif	Approved	2	2024-08-24	3	2	47	2024-08-25
41	Lal Qila	images/User1/OIP_2.jfif	Approved	2	2024-08-24	4	3	43	2024-08-27
37	Mumbai	images/User2/aditya-siva-6rDbvXzIVpQ-unsplash.jpg	Rejected	2	2024-08-24	3	2	47	2024-08-28
44	Demo 28 August	images/User2/download_1.jfif	Approved	2	2024-08-28	3	2	47	2024-08-28
45	demo image	images/Admin/download_1_WchRfJQ.jfif	Approved	2	2024-08-31	3	2	1	2024-08-31
36	Taj	images/User3/fahrul-azmi-BCEexmxL9EQ-unsplash.jpg	Pending	2	2024-08-24	2	13	48	\N
35	Monument	images/User3/ashim-d-silva-KF7pv-8OiyY-unsplash.jpg	Approved	2	2024-08-24	1	13	48	2024-08-24
\.


--
-- Data for Name: upload_image_tags; Type: TABLE DATA; Schema: public; Owner: postgres
--

COPY public.upload_image_tags (id, image_id, tag_id) FROM stdin;
22	37	4
23	38	1
24	39	16
25	40	17
\.


--
-- Data for Name: upload_instagramcredentials; Type: TABLE DATA; Schema: public; Owner: postgres
--

COPY public.upload_instagramcredentials (id, access_token, instagram_account_id, long_lived_token) FROM stdin;
1	IGQWRPNDFRV0ZArVnJsS3JjTkpORWRBc2M4YWVGS1lKekVMb3FOWmdsblVHeDh3cHdaRnA2VnBKZAkZA5QkxadVB5Y2tVSUZA3X0FSSFZAIT002TkViZAkRrZAmh1Wm5IdHdfeDVBbERxaGNEMDJGUQZDZD	8849967671696362	IGQWRPWVVUdzhHNmxnZAzBZAMFo0M25RNVdQRFRyUTF1V3Nkc1l6eDNrUEMzZA2V6ZAFNQSzF2LVc4NWV2TEszRS10RlhkLW9Ob3ROLVFPWXlqUkZAaZAmdKcGM3YzdndjN6S0VfUW1Eczd1ZAnkzUQZDZD
\.


--
-- Data for Name: upload_link; Type: TABLE DATA; Schema: public; Owner: postgres
--

COPY public.upload_link (id, title, description, type, image, link, created_at, status, rating, category_id, department_id, user_id) FROM stdin;
8	Link1	sdds	Print Media	links/admin/kids-playing_DlQnKBX.jpg	\N	2024-08-22 21:56:51.221385+05:30	Pending	2	1	2	1
6	Link23	sdds	Print Media	links/admin/kids-playing.jpg	\N	2024-08-22 21:49:57.998761+05:30	Approved	2	1	2	1
5	Print	assa	Print Media	links/admin/Best_Fielders.jpeg	\N	2024-08-22 15:04:24.41321+05:30	Approved	2	2	3	1
3	Print4	dsd	Digital Media		https://www.ey.com	2024-08-22 12:57:23.809831+05:30	Approved	2	2	3	1
1	Link5	sfsf	Digital Media		http://www.ey.com	2024-08-22 11:22:58.131019+05:30	Pending	4	1	2	1
10	\N	Demo	Digital Media		https://www.demo.com	2024-08-28 18:55:31.943223+05:30	Pending	2	3	2	1
11	\N	print	Print Media	links/Admin/taj.jfif	\N	2024-08-28 18:56:19.374178+05:30	Pending	2	3	13	1
\.


--
-- Data for Name: upload_message; Type: TABLE DATA; Schema: public; Owner: postgres
--

COPY public.upload_message (id, content, "timestamp", conversation_id, sender_id, edited, read, receiver_id) FROM stdin;
27	Hi	2024-08-28 11:29:26.436963+05:30	15	43	f	t	1
28	hello	2024-08-28 11:29:52.687774+05:30	15	1	f	t	43
29	ok	2024-08-28 11:30:03.96432+05:30	15	43	f	t	1
30	hey	2024-08-28 14:34:35.880964+05:30	21	44	f	t	1
31	hello	2024-08-28 16:47:05.37399+05:30	14	45	f	t	1
32	welcome	2024-08-28 16:47:23.296124+05:30	14	1	f	t	45
33	hello	2024-08-28 18:57:06.237979+05:30	22	1	f	f	48
\.


--
-- Data for Name: upload_mom; Type: TABLE DATA; Schema: public; Owner: postgres
--

COPY public.upload_mom (sn_number, title, created_at, updated_at) FROM stdin;
28	Issue 101	2024-08-25 20:18:00.021823+05:30	2024-08-28 08:56:36.799996+05:30
29	BSNL tracker	2024-08-28 18:57:59.667343+05:30	2024-08-28 18:57:59.667343+05:30
\.


--
-- Data for Name: upload_momrow; Type: TABLE DATA; Schema: public; Owner: postgres
--

COPY public.upload_momrow (id, sn_number, discussion_points, discussion_lead, contributors, tentative_dates, decision_taken, action_items, status, comments_notes, priority_level, impact, follow_up_required, completion_percentage, mom_id, responsible_person_id) FROM stdin;
13	1											f	40.00	28	47
14	12											f	40.00	29	57
\.


--
-- Data for Name: upload_notification; Type: TABLE DATA; Schema: public; Owner: postgres
--

COPY public.upload_notification (id, message, created_at, "timestamp", read, user_id) FROM stdin;
130	New Post by admin	2024-08-22 18:52:29.623664+05:30	2024-08-22 18:52:29.608789+05:30	t	1
131	New Post by admin	2024-08-22 18:55:55.462022+05:30	2024-08-22 18:55:55.462022+05:30	t	1
132	New Post by admin	2024-08-22 18:56:30.676943+05:30	2024-08-22 18:56:30.676943+05:30	t	1
133	New Post by admin	2024-08-22 18:58:18.545755+05:30	2024-08-22 18:58:18.545755+05:30	t	1
134	New Post by admin	2024-08-22 18:59:06.157034+05:30	2024-08-22 18:59:06.157034+05:30	t	1
135	New Post by admin	2024-08-22 19:00:46.953695+05:30	2024-08-22 19:00:46.953695+05:30	t	1
136	New Post by admin	2024-08-22 19:02:37.707459+05:30	2024-08-22 19:02:37.707459+05:30	t	1
137	New Post by admin	2024-08-22 19:04:42.733384+05:30	2024-08-22 19:04:42.733384+05:30	t	1
138	New Post by admin	2024-08-22 19:07:15.444768+05:30	2024-08-22 19:07:15.444768+05:30	t	1
139	New Post by admin	2024-08-22 19:14:55.853096+05:30	2024-08-22 19:14:55.852099+05:30	t	1
140	New Document uploaded by admin	2024-08-22 19:17:06.741181+05:30	2024-08-22 19:17:06.741181+05:30	t	1
141	New Document uploaded by admin	2024-08-22 19:19:08.065146+05:30	2024-08-22 19:19:08.065146+05:30	t	1
142	New Document uploaded by admin	2024-08-22 19:23:12.021146+05:30	2024-08-22 19:23:12.021146+05:30	t	1
143	New Document uploaded by admin	2024-08-22 19:23:47.414586+05:30	2024-08-22 19:23:47.414586+05:30	t	1
144	New Document uploaded by admin	2024-08-22 19:24:36.139359+05:30	2024-08-22 19:24:36.138855+05:30	t	1
145	New Document uploaded by admin	2024-08-22 19:26:17.176025+05:30	2024-08-22 19:26:17.176025+05:30	t	1
146	New Document uploaded by admin	2024-08-22 19:27:17.691249+05:30	2024-08-22 19:27:17.691249+05:30	t	1
147	New Document uploaded by admin	2024-08-22 19:27:36.115372+05:30	2024-08-22 19:27:36.115372+05:30	t	1
148	New Document uploaded by admin	2024-08-22 19:31:02.092758+05:30	2024-08-22 19:31:02.092758+05:30	t	1
149	New Document uploaded by admin	2024-08-22 19:32:13.60821+05:30	2024-08-22 19:32:13.60821+05:30	t	1
150	New Document uploaded by admin	2024-08-22 19:33:36.073219+05:30	2024-08-22 19:33:36.073219+05:30	t	1
151	New Document uploaded by admin	2024-08-22 19:35:03.62123+05:30	2024-08-22 19:35:03.62123+05:30	t	1
152	New Document uploaded by admin	2024-08-22 19:35:42.865832+05:30	2024-08-22 19:35:42.865832+05:30	t	1
153	New Document uploaded by admin	2024-08-22 19:36:38.618395+05:30	2024-08-22 19:36:38.617897+05:30	t	1
154	Your Document "sddsfdf" has been rejected.	2024-08-22 19:38:13.033097+05:30	2024-08-22 19:38:13.033097+05:30	t	1
155	Your Document "saas" has been rejected.	2024-08-22 19:38:13.036097+05:30	2024-08-22 19:38:13.036097+05:30	t	1
156	Your Document "sddsfdf" has been approved.	2024-08-22 19:38:19.673356+05:30	2024-08-22 19:38:19.673356+05:30	t	1
157	Your Document "saas" has been approved.	2024-08-22 19:38:19.676353+05:30	2024-08-22 19:38:19.676353+05:30	t	1
158	New Post by admin	2024-08-22 19:55:46.258148+05:30	2024-08-22 19:55:46.258148+05:30	t	1
159	New Post by admin	2024-08-22 20:01:55.379757+05:30	2024-08-22 20:01:55.379757+05:30	t	1
160	New Post by admin	2024-08-22 20:02:18.37309+05:30	2024-08-22 20:02:18.372086+05:30	t	1
161	New Post by admin	2024-08-22 20:02:55.67625+05:30	2024-08-22 20:02:55.675348+05:30	t	1
162	New Post by admin	2024-08-22 20:03:10.099145+05:30	2024-08-22 20:03:10.099145+05:30	t	1
163	New Post by admin	2024-08-22 20:19:50.299008+05:30	2024-08-22 20:19:50.298009+05:30	t	1
164	New image uploaded by admin	2024-08-22 20:22:04.996694+05:30	2024-08-22 20:22:04.996694+05:30	t	1
165	New video uploaded by admin	2024-08-22 20:24:14.99052+05:30	2024-08-22 20:24:14.98952+05:30	t	1
166	New image uploaded by admin	2024-08-22 20:31:24.751035+05:30	2024-08-22 20:31:24.751035+05:30	t	1
167	Your image "Incredible India" has been approved.	2024-08-22 21:22:33.488455+05:30	2024-08-22 21:22:33.488455+05:30	t	1
168	Your image "hello" has been approved.	2024-08-22 21:22:42.373728+05:30	2024-08-22 21:22:42.373728+05:30	t	1
169	Your image "sasa" has been approved.	2024-08-22 21:22:42.373728+05:30	2024-08-22 21:22:42.373728+05:30	t	1
170	Your video "Video 4" has been approved.	2024-08-22 21:35:55.385299+05:30	2024-08-22 21:35:55.385299+05:30	t	1
171	Your video "Video 4" has been rejected.	2024-08-22 21:35:58.753201+05:30	2024-08-22 21:35:58.753201+05:30	t	1
172	New video uploaded by admin	2024-08-22 21:46:09.598527+05:30	2024-08-22 21:46:09.598527+05:30	t	1
173	New video uploaded by admin	2024-08-22 21:47:55.10488+05:30	2024-08-22 21:47:55.10488+05:30	t	1
174	New video uploaded by admin	2024-08-22 21:48:19.908785+05:30	2024-08-22 21:48:19.908785+05:30	t	1
175	New Link uploaded by admin	2024-08-22 21:49:58.008457+05:30	2024-08-22 21:49:58.008457+05:30	t	1
176	New Link uploaded by admin	2024-08-22 21:55:44.643299+05:30	2024-08-22 21:55:44.643299+05:30	t	1
177	New Link uploaded by admin	2024-08-22 21:56:51.225458+05:30	2024-08-22 21:56:51.225458+05:30	t	1
178	Your Link has been approved.	2024-08-22 21:57:28.614757+05:30	2024-08-22 21:57:28.614757+05:30	t	1
179	Your Link has been approved.	2024-08-22 21:57:28.617759+05:30	2024-08-22 21:57:28.617759+05:30	t	1
180	New image uploaded by admin	2024-08-22 22:03:28.290233+05:30	2024-08-22 22:03:28.289245+05:30	t	1
181	Your image "vb" has been approved.	2024-08-22 23:45:01.644311+05:30	2024-08-22 23:45:01.643312+05:30	t	1
182	Your image "sddsgh" has been approved.	2024-08-22 23:45:01.651887+05:30	2024-08-22 23:45:01.651887+05:30	t	1
183	Your image "sadasafg" has been approved.	2024-08-22 23:45:01.65589+05:30	2024-08-22 23:45:01.65589+05:30	t	1
184	Your image "sasa" has been rejected.	2024-08-23 16:30:17.837792+05:30	2024-08-23 16:30:17.837792+05:30	t	1
185	Your video "Video 2" has been approved.	2024-08-23 18:33:20.25324+05:30	2024-08-23 18:33:20.25324+05:30	t	1
186	New Post by admin	2024-08-23 18:35:15.095843+05:30	2024-08-23 18:35:15.095843+05:30	t	1
187	New image uploaded by admin	2024-08-24 15:51:49.687158+05:30	2024-08-24 15:51:49.686157+05:30	t	1
188	Your image "gov" has been approved.	2024-08-24 15:53:56.722942+05:30	2024-08-24 15:53:56.722942+05:30	t	1
189	New Video dfdfd uploaded by admin	2024-08-24 16:28:23.92664+05:30	2024-08-24 16:28:23.92664+05:30	t	1
190	Image "vb" has been approved.	2024-08-24 16:39:15.724824+05:30	2024-08-24 16:39:15.724824+05:30	t	1
191	Image "sddsgh" has been rejected.	2024-08-24 17:14:05.208081+05:30	2024-08-24 17:14:05.208081+05:30	t	1
195	Image "Waterfall" has been approved.	2024-08-24 21:34:22.235483+05:30	2024-08-24 21:34:22.235483+05:30	t	43
196	Image "Lal Qila" has been approved.	2024-08-24 21:34:22.235483+05:30	2024-08-24 21:34:22.235483+05:30	t	43
197	Image "Temple" has been approved.	2024-08-24 21:34:22.235483+05:30	2024-08-24 21:34:22.235483+05:30	t	43
199	Image "Waterfall" has been rejected.	2024-08-25 13:15:40.115253+05:30	2024-08-25 13:15:40.114094+05:30	t	43
192	Image "Street" has been approved.	2024-08-24 21:34:08.481602+05:30	2024-08-24 21:34:08.481602+05:30	t	48
193	Image "Monument" has been approved.	2024-08-24 21:34:08.481602+05:30	2024-08-24 21:34:08.481602+05:30	t	48
194	Image "Mumbai" has been approved.	2024-08-24 21:34:16.613091+05:30	2024-08-24 21:34:16.613091+05:30	t	47
198	Image "Delhi" has been approved.	2024-08-25 11:52:42.519477+05:30	2024-08-25 11:52:42.518193+05:30	t	47
200	Image "Monument" has been approved.	2024-08-25 14:30:26.56737+05:30	2024-08-25 14:30:26.567028+05:30	t	47
201	Image "Lal Qila" has been approved.	2024-08-27 16:25:27.83895+05:30	2024-08-27 16:25:27.83895+05:30	f	43
204	Video "Video 2" has been approved.	2024-08-28 11:55:40.947523+05:30	2024-08-28 11:55:40.947523+05:30	f	43
202	New image kolled uploaded by Admin	2024-08-28 09:06:41.136861+05:30	2024-08-28 09:06:41.136861+05:30	t	1
203	New Link uploaded by Admin	2024-08-28 09:09:07.931267+05:30	2024-08-28 09:09:07.931267+05:30	t	1
205	Image "Mumbai" has been rejected.	2024-08-28 17:09:00.693719+05:30	2024-08-28 17:09:00.693719+05:30	f	47
207	New image Demo 28 August uploaded by User2	2024-08-28 18:40:12.472844+05:30	2024-08-28 18:40:12.472844+05:30	f	45
208	Image "Demo 28 August" has been approved.	2024-08-28 18:40:56.883238+05:30	2024-08-28 18:40:56.883238+05:30	f	47
206	New image Demo 28 August uploaded by User2	2024-08-28 18:40:12.471035+05:30	2024-08-28 18:40:12.470016+05:30	t	1
209	New Link uploaded by Admin	2024-08-28 18:55:31.952542+05:30	2024-08-28 18:55:31.952542+05:30	t	1
210	New Link uploaded by Admin	2024-08-28 18:56:19.391143+05:30	2024-08-28 18:56:19.391143+05:30	t	1
211	New image demo image uploaded by Admin	2024-08-31 10:53:11.087338+05:30	2024-08-31 10:53:11.087338+05:30	t	1
212	Image "demo image" has been approved.	2024-08-31 10:54:17.873536+05:30	2024-08-31 10:54:17.873536+05:30	t	1
213	New Video ererer uploaded by Admin.	2024-09-03 17:01:42.77408+05:30	2024-09-03 17:01:42.773079+05:30	t	1
214	New Video fgfg uploaded by Admin.	2024-09-03 17:05:23.266809+05:30	2024-09-03 17:05:23.266809+05:30	t	1
215	Video "fgfg" has been approved.	2024-09-03 17:05:35.277961+05:30	2024-09-03 17:05:35.277312+05:30	t	1
216	New Video IS this hardcoded uploaded by Admin.	2024-09-04 00:38:42.799035+05:30	2024-09-04 00:38:42.799035+05:30	t	1
217	New Video Baby uploaded by Admin.	2024-09-04 13:24:00.412453+05:30	2024-09-04 13:24:00.412433+05:30	t	1
\.


--
-- Data for Name: upload_post; Type: TABLE DATA; Schema: public; Owner: postgres
--

COPY public.upload_post (id, title, description, author, last_modified, status, rating, category_id, department_id, user_id, status_change_date, image, video) FROM stdin;
59	Welcome	hi hello	Arjun Singh	2024-08-23 18:35:15.087228+05:30	Pending	3	2	2	1	\N		
57	Festival	Holiday	Arjun Singh	2024-08-22 20:03:10.065154+05:30	Pending	2	1	2	1	\N	posts/admin/hello_EGGrkHp.jpeg	
52	Note	Important	Arjun Singh	2024-08-22 19:14:55.800759+05:30	Pending	2	1	3	1	\N		posts/admin/Video_3_nINp3uC.mp4
49	Working	Day	Arjun Singh	2024-08-22 19:02:37.683875+05:30	Pending	5	1	3	1	\N	posts/admin/kids-playing_OLSL3J2.jpg	
4	Namaste	Namaste India	Arjun Singh	2024-08-20 10:48:04.712161+05:30	Approved	2	3	2	1	2024-08-20		
\.


--
-- Data for Name: upload_question; Type: TABLE DATA; Schema: public; Owner: postgres
--

COPY public.upload_question (id, question_text, question_type, survey_id) FROM stdin;
1	Are you connected with 4G	text	1
2	ss	choice	2
\.


--
-- Data for Name: upload_subdivision; Type: TABLE DATA; Schema: public; Owner: postgres
--

COPY public.upload_subdivision (id, name, division_id) FROM stdin;
1	BSNL Subdivision	1
2	Sub Division Tourism	2
3	Sub Division Post	3
\.


--
-- Data for Name: upload_survey; Type: TABLE DATA; Schema: public; Owner: postgres
--

COPY public.upload_survey (id, title, description) FROM stdin;
1	kids	Checking Mobile Connectivity
2	hello	Checking Mobile Connectivity
\.


--
-- Data for Name: upload_tag; Type: TABLE DATA; Schema: public; Owner: postgres
--

COPY public.upload_tag (id, name) FROM stdin;
2	Department 2
3	sdsdds
4	#wow
7	oip.jfif
10	#vid
17	#Dekho #India
16	#India
1	#Delhi
9	#Video
8	Incredible
\.


--
-- Data for Name: upload_tweet; Type: TABLE DATA; Schema: public; Owner: postgres
--

COPY public.upload_tweet (id, tweet_id, status, media_url, created_at, retweets, likes, replies, user_id) FROM stdin;
22	1827434611032650150	Monument		2024-08-25 01:25:38.319149+05:30	0	0	0	1
23	1827612838682357812	hello		2024-08-25 13:13:50.941289+05:30	0	0	0	1
24	1828751016625676422	hello		2024-08-28 16:36:33.85029+05:30	0	0	0	1
25	1828782551575699586	Demo		2024-08-28 18:41:52.290561+05:30	0	0	0	1
26	1828837264887353451	Demo		2024-08-28 22:19:17.032471+05:30	0	0	0	1
27	1829629205543334135	AICC		2024-08-31 02:46:10.128045+05:30	0	0	0	1
28	1829749119260451107	#Paris2024		2024-08-31 10:42:40.049306+05:30	0	0	0	1
29	1831191807453241710	#SummerRelief		2024-09-04 10:15:22.677262+05:30	0	0	0	1
30	1831292567184613804	delhi6 not good		2024-09-04 16:55:46.606996+05:30	0	0	0	1
\.


--
-- Data for Name: upload_user; Type: TABLE DATA; Schema: public; Owner: postgres
--

COPY public.upload_user (id, password, last_login, username, date_joined, profile_picture, email, first_name, last_name, is_active, is_staff, is_superuser, role, phone_number, about_me) FROM stdin;
1	pbkdf2_sha256$870000$Tozl4pQkp16L6WYxFKJTwH$TV24901K+0vYvnC6rse53I/ol3cdLGlWDVvr58pWAW0=	2024-09-04 13:40:04.821626+05:30	Admin	2024-07-24 22:47:25+05:30	profiles/admin-pic_PFZOWTP.png	admin@ey.com	Super	Admin	t	t	t	superadmin	1234	Super Admin of the App
57	pbkdf2_sha256$870000$FrllszTmG1agAAVqa6KGYI$aDzMKZPTooy3jpKO+RxqVdJBZMny+e+rum2JQ1+ZmUE=	\N	User22	2024-08-26 23:33:16+05:30	profiles/admin-pic_0YAoAMt.png	user22@ey.com	User Sub-Division	BSNL	t	f	f	subdivisionuser	\N	
48	pbkdf2_sha256$720000$e0GZTgAv2rT0xdVV4ymdRO$U0lQ2/sG4FLebfLd0MZgkRC3WhWHaTt14TGNj0eUY7c=	\N	User3	2024-08-24 21:14:02+05:30	profiles/admin-pic_FAmI4wx.png	user3@ey.com	Division Head	NBM	t	f	f	divisionadmin	123456	Division Admin of NBM
58	pbkdf2_sha256$870000$84OkTypRScvqaoTX6sjODV$Cp2utBxWA1CGXux3NlK99wgu++s0+H/PFjfcZ8dGcvE=	\N	User33	2024-08-26 23:34:06+05:30	profiles/admin-pic_CsAqTJc.png	user33@ey.com	User Sub-Division	NBM	t	f	f	subdivisionuser	\N	
47	pbkdf2_sha256$870000$7jrjLJdMAvm4DuwjTT8XLg$lreaVGREK2UWeG/x7EEoDDcHnPBlrsxKxlGcIx3qpeA=	\N	User2	2024-08-24 21:13:03+05:30	profiles/admin-pic_bK1T7lZ.png	user2@ey.com	Division Head	BSNL	t	f	f	divisionadmin	123456	Division Head BSNL
43	pbkdf2_sha256$870000$vmfq7w13w9j7mCxPOokCRT$uyYRALhWeUphnTCTsLCDTx3Cq98Dm2y0lFyhRSEbBC8=	\N	User1	2024-08-24 19:45:27+05:30	profiles/admin-pic_FOiYGDH.png	user1@ey.com	Division Head	Digital Bharat Nidhi	t	f	f	divisionadmin	123456	Division Head of Digital Bharat Nidhi
44	pbkdf2_sha256$870000$FPfPgdI8TqoCdysexqfHXA$bgWiMipB2YALAV8P5gNS7PVMemJoB+zRFctOXwoi7OM=	\N	Admin1	2024-08-24 21:06:49+05:30	profiles/admin-pic_CrYHi9D.png	admin1@ey.com	Admin	Digital Bharat Nidhi	t	f	f	departmentadmin	123456	Department Admin of Digital Bharat Nidhi
45	pbkdf2_sha256$870000$Cv1Z9rnMRnj8N7sHHitJ55$BZLGopJJuoDNQ0Zdxe5ngTeyrrKH/2OJyzwDxiLZOKs=	\N	Admin2	2024-08-24 21:10:33+05:30	profiles/admin-pic_efIKriC.png	admin2@ey.com	Admin	BSNL	t	f	f	departmentadmin	123456	Department Admin BSNL
46	pbkdf2_sha256$720000$j0E15GmpGiyW3illzwnO0f$SaEmWKW6Ws8N7pwBQonjtMxkrQY2eq0Hih3ZwsZdUS0=	\N	Admin3	2024-08-24 21:11:38+05:30	profiles/admin-pic_pwurIYT.png	admin3@ey.com	Admin	NBM	t	f	f	departmentadmin	123456	Department Admin NBM
56	pbkdf2_sha256$870000$CnEeZE26N5v6trwM0FNfMn$dUzheUQXhqM2+kpEfP9qwEQMUHUByPDNWTno504ZPEk=	\N	User11	2024-08-26 23:31:31+05:30	profiles/admin-pic_HyV4q9U.png	user11@ey.com	User Sub-Division	DGN	t	f	f	subdivisionuser	\N	
\.


--
-- Data for Name: upload_user_departments; Type: TABLE DATA; Schema: public; Owner: postgres
--

COPY public.upload_user_departments (id, user_id, department_id) FROM stdin;
1	1	1
61	43	3
62	44	3
63	45	2
64	46	13
65	47	2
66	48	13
74	56	3
75	57	2
76	58	13
\.


--
-- Data for Name: upload_user_divisions; Type: TABLE DATA; Schema: public; Owner: postgres
--

COPY public.upload_user_divisions (id, user_id, division_id) FROM stdin;
6	43	2
7	47	1
8	48	3
9	56	2
10	57	1
11	58	3
12	47	4
\.


--
-- Data for Name: upload_user_groups; Type: TABLE DATA; Schema: public; Owner: postgres
--

COPY public.upload_user_groups (id, user_id, group_id) FROM stdin;
\.


--
-- Data for Name: upload_user_subdivisions; Type: TABLE DATA; Schema: public; Owner: postgres
--

COPY public.upload_user_subdivisions (id, user_id, subdivision_id) FROM stdin;
4	56	2
5	57	1
6	58	3
\.


--
-- Data for Name: upload_user_user_permissions; Type: TABLE DATA; Schema: public; Owner: postgres
--

COPY public.upload_user_user_permissions (id, user_id, permission_id) FROM stdin;
126	1	45
127	1	46
128	1	47
129	1	120
142	43	45
143	43	46
144	43	47
145	43	120
\.


--
-- Data for Name: upload_useradmin; Type: TABLE DATA; Schema: public; Owner: postgres
--

COPY public.upload_useradmin (id, useradmin_id, user_id) FROM stdin;
\.


--
-- Data for Name: upload_video; Type: TABLE DATA; Schema: public; Owner: postgres
--

COPY public.upload_video (id, title, video, status, rating, dated, status_change_date, category_id, department_id, user_id) FROM stdin;
14	Baby	videos/Admin/mixkit-baby-on-the-belly-of-his-mother-plays-and-smiles-4042-hd-ready.mp4	Pending	2	2024-09-04	\N	3	2	1
\.


--
-- Data for Name: upload_video_tags; Type: TABLE DATA; Schema: public; Owner: postgres
--

COPY public.upload_video_tags (id, video_id, tag_id) FROM stdin;
\.


--
-- Name: auth_group_id_seq; Type: SEQUENCE SET; Schema: public; Owner: postgres
--

SELECT pg_catalog.setval('public.auth_group_id_seq', 1, false);


--
-- Name: auth_group_permissions_id_seq; Type: SEQUENCE SET; Schema: public; Owner: postgres
--

SELECT pg_catalog.setval('public.auth_group_permissions_id_seq', 1, false);


--
-- Name: auth_permission_id_seq; Type: SEQUENCE SET; Schema: public; Owner: postgres
--

SELECT pg_catalog.setval('public.auth_permission_id_seq', 132, true);


--
-- Name: django_admin_log_id_seq; Type: SEQUENCE SET; Schema: public; Owner: postgres
--

SELECT pg_catalog.setval('public.django_admin_log_id_seq', 459, true);


--
-- Name: django_content_type_id_seq; Type: SEQUENCE SET; Schema: public; Owner: postgres
--

SELECT pg_catalog.setval('public.django_content_type_id_seq', 31, true);


--
-- Name: django_migrations_id_seq; Type: SEQUENCE SET; Schema: public; Owner: postgres
--

SELECT pg_catalog.setval('public.django_migrations_id_seq', 49, true);


--
-- Name: upload_category_id_seq; Type: SEQUENCE SET; Schema: public; Owner: postgres
--

SELECT pg_catalog.setval('public.upload_category_id_seq', 4, true);


--
-- Name: upload_content_id_seq; Type: SEQUENCE SET; Schema: public; Owner: postgres
--

SELECT pg_catalog.setval('public.upload_content_id_seq', 2, true);


--
-- Name: upload_conversation_id_seq; Type: SEQUENCE SET; Schema: public; Owner: postgres
--

SELECT pg_catalog.setval('public.upload_conversation_id_seq', 22, true);


--
-- Name: upload_conversation_participants_id_seq; Type: SEQUENCE SET; Schema: public; Owner: postgres
--

SELECT pg_catalog.setval('public.upload_conversation_participants_id_seq', 35, true);


--
-- Name: upload_department_id_seq; Type: SEQUENCE SET; Schema: public; Owner: postgres
--

SELECT pg_catalog.setval('public.upload_department_id_seq', 16, true);


--
-- Name: upload_division_id_seq; Type: SEQUENCE SET; Schema: public; Owner: postgres
--

SELECT pg_catalog.setval('public.upload_division_id_seq', 4, true);


--
-- Name: upload_document_id_seq; Type: SEQUENCE SET; Schema: public; Owner: postgres
--

SELECT pg_catalog.setval('public.upload_document_id_seq', 22, true);


--
-- Name: upload_engagement_id_seq; Type: SEQUENCE SET; Schema: public; Owner: postgres
--

SELECT pg_catalog.setval('public.upload_engagement_id_seq', 1, false);


--
-- Name: upload_image_id_seq; Type: SEQUENCE SET; Schema: public; Owner: postgres
--

SELECT pg_catalog.setval('public.upload_image_id_seq', 45, true);


--
-- Name: upload_image_tags_id_seq; Type: SEQUENCE SET; Schema: public; Owner: postgres
--

SELECT pg_catalog.setval('public.upload_image_tags_id_seq', 25, true);


--
-- Name: upload_instagramcredentials_id_seq; Type: SEQUENCE SET; Schema: public; Owner: postgres
--

SELECT pg_catalog.setval('public.upload_instagramcredentials_id_seq', 1, true);


--
-- Name: upload_link_id_seq; Type: SEQUENCE SET; Schema: public; Owner: postgres
--

SELECT pg_catalog.setval('public.upload_link_id_seq', 11, true);


--
-- Name: upload_message_id_seq; Type: SEQUENCE SET; Schema: public; Owner: postgres
--

SELECT pg_catalog.setval('public.upload_message_id_seq', 33, true);


--
-- Name: upload_mom_sn_number_seq; Type: SEQUENCE SET; Schema: public; Owner: postgres
--

SELECT pg_catalog.setval('public.upload_mom_sn_number_seq', 29, true);


--
-- Name: upload_momrow_id_seq; Type: SEQUENCE SET; Schema: public; Owner: postgres
--

SELECT pg_catalog.setval('public.upload_momrow_id_seq', 14, true);


--
-- Name: upload_notification_id_seq; Type: SEQUENCE SET; Schema: public; Owner: postgres
--

SELECT pg_catalog.setval('public.upload_notification_id_seq', 217, true);


--
-- Name: upload_onlyevent_id_seq; Type: SEQUENCE SET; Schema: public; Owner: postgres
--

SELECT pg_catalog.setval('public.upload_onlyevent_id_seq', 10, true);


--
-- Name: upload_post_id_seq; Type: SEQUENCE SET; Schema: public; Owner: postgres
--

SELECT pg_catalog.setval('public.upload_post_id_seq', 59, true);


--
-- Name: upload_question_id_seq; Type: SEQUENCE SET; Schema: public; Owner: postgres
--

SELECT pg_catalog.setval('public.upload_question_id_seq', 2, true);


--
-- Name: upload_subdivision_id_seq; Type: SEQUENCE SET; Schema: public; Owner: postgres
--

SELECT pg_catalog.setval('public.upload_subdivision_id_seq', 3, true);


--
-- Name: upload_survey_id_seq; Type: SEQUENCE SET; Schema: public; Owner: postgres
--

SELECT pg_catalog.setval('public.upload_survey_id_seq', 2, true);


--
-- Name: upload_tag_id_seq; Type: SEQUENCE SET; Schema: public; Owner: postgres
--

SELECT pg_catalog.setval('public.upload_tag_id_seq', 17, true);


--
-- Name: upload_tweet_id_seq; Type: SEQUENCE SET; Schema: public; Owner: postgres
--

SELECT pg_catalog.setval('public.upload_tweet_id_seq', 30, true);


--
-- Name: upload_user_departments_id_seq; Type: SEQUENCE SET; Schema: public; Owner: postgres
--

SELECT pg_catalog.setval('public.upload_user_departments_id_seq', 76, true);


--
-- Name: upload_user_divisions_id_seq; Type: SEQUENCE SET; Schema: public; Owner: postgres
--

SELECT pg_catalog.setval('public.upload_user_divisions_id_seq', 12, true);


--
-- Name: upload_user_groups_id_seq; Type: SEQUENCE SET; Schema: public; Owner: postgres
--

SELECT pg_catalog.setval('public.upload_user_groups_id_seq', 1, false);


--
-- Name: upload_user_id_seq; Type: SEQUENCE SET; Schema: public; Owner: postgres
--

SELECT pg_catalog.setval('public.upload_user_id_seq', 58, true);


--
-- Name: upload_user_subdivisions_id_seq; Type: SEQUENCE SET; Schema: public; Owner: postgres
--

SELECT pg_catalog.setval('public.upload_user_subdivisions_id_seq', 6, true);


--
-- Name: upload_user_user_permissions_id_seq; Type: SEQUENCE SET; Schema: public; Owner: postgres
--

SELECT pg_catalog.setval('public.upload_user_user_permissions_id_seq', 145, true);


--
-- Name: upload_useradmin_id_seq; Type: SEQUENCE SET; Schema: public; Owner: postgres
--

SELECT pg_catalog.setval('public.upload_useradmin_id_seq', 1, false);


--
-- Name: upload_video_id_seq; Type: SEQUENCE SET; Schema: public; Owner: postgres
--

SELECT pg_catalog.setval('public.upload_video_id_seq', 14, true);


--
-- Name: upload_video_tags_id_seq; Type: SEQUENCE SET; Schema: public; Owner: postgres
--

SELECT pg_catalog.setval('public.upload_video_tags_id_seq', 5, true);


--
-- Name: auth_group auth_group_name_key; Type: CONSTRAINT; Schema: public; Owner: postgres
--

ALTER TABLE ONLY public.auth_group
    ADD CONSTRAINT auth_group_name_key UNIQUE (name);


--
-- Name: auth_group_permissions auth_group_permissions_group_id_permission_id_0cd325b0_uniq; Type: CONSTRAINT; Schema: public; Owner: postgres
--

ALTER TABLE ONLY public.auth_group_permissions
    ADD CONSTRAINT auth_group_permissions_group_id_permission_id_0cd325b0_uniq UNIQUE (group_id, permission_id);


--
-- Name: auth_group_permissions auth_group_permissions_pkey; Type: CONSTRAINT; Schema: public; Owner: postgres
--

ALTER TABLE ONLY public.auth_group_permissions
    ADD CONSTRAINT auth_group_permissions_pkey PRIMARY KEY (id);


--
-- Name: auth_group auth_group_pkey; Type: CONSTRAINT; Schema: public; Owner: postgres
--

ALTER TABLE ONLY public.auth_group
    ADD CONSTRAINT auth_group_pkey PRIMARY KEY (id);


--
-- Name: auth_permission auth_permission_content_type_id_codename_01ab375a_uniq; Type: CONSTRAINT; Schema: public; Owner: postgres
--

ALTER TABLE ONLY public.auth_permission
    ADD CONSTRAINT auth_permission_content_type_id_codename_01ab375a_uniq UNIQUE (content_type_id, codename);


--
-- Name: auth_permission auth_permission_pkey; Type: CONSTRAINT; Schema: public; Owner: postgres
--

ALTER TABLE ONLY public.auth_permission
    ADD CONSTRAINT auth_permission_pkey PRIMARY KEY (id);


--
-- Name: authtoken_token authtoken_token_pkey; Type: CONSTRAINT; Schema: public; Owner: postgres
--

ALTER TABLE ONLY public.authtoken_token
    ADD CONSTRAINT authtoken_token_pkey PRIMARY KEY (key);


--
-- Name: authtoken_token authtoken_token_user_id_key; Type: CONSTRAINT; Schema: public; Owner: postgres
--

ALTER TABLE ONLY public.authtoken_token
    ADD CONSTRAINT authtoken_token_user_id_key UNIQUE (user_id);


--
-- Name: django_admin_log django_admin_log_pkey; Type: CONSTRAINT; Schema: public; Owner: postgres
--

ALTER TABLE ONLY public.django_admin_log
    ADD CONSTRAINT django_admin_log_pkey PRIMARY KEY (id);


--
-- Name: django_content_type django_content_type_app_label_model_76bd3d3b_uniq; Type: CONSTRAINT; Schema: public; Owner: postgres
--

ALTER TABLE ONLY public.django_content_type
    ADD CONSTRAINT django_content_type_app_label_model_76bd3d3b_uniq UNIQUE (app_label, model);


--
-- Name: django_content_type django_content_type_pkey; Type: CONSTRAINT; Schema: public; Owner: postgres
--

ALTER TABLE ONLY public.django_content_type
    ADD CONSTRAINT django_content_type_pkey PRIMARY KEY (id);


--
-- Name: django_migrations django_migrations_pkey; Type: CONSTRAINT; Schema: public; Owner: postgres
--

ALTER TABLE ONLY public.django_migrations
    ADD CONSTRAINT django_migrations_pkey PRIMARY KEY (id);


--
-- Name: django_session django_session_pkey; Type: CONSTRAINT; Schema: public; Owner: postgres
--

ALTER TABLE ONLY public.django_session
    ADD CONSTRAINT django_session_pkey PRIMARY KEY (session_key);


--
-- Name: upload_category upload_category_name_key; Type: CONSTRAINT; Schema: public; Owner: postgres
--

ALTER TABLE ONLY public.upload_category
    ADD CONSTRAINT upload_category_name_key UNIQUE (name);


--
-- Name: upload_category upload_category_pkey; Type: CONSTRAINT; Schema: public; Owner: postgres
--

ALTER TABLE ONLY public.upload_category
    ADD CONSTRAINT upload_category_pkey PRIMARY KEY (id);


--
-- Name: upload_content upload_content_pkey; Type: CONSTRAINT; Schema: public; Owner: postgres
--

ALTER TABLE ONLY public.upload_content
    ADD CONSTRAINT upload_content_pkey PRIMARY KEY (id);


--
-- Name: upload_conversation_participants upload_conversation_part_conversation_id_user_id_59996ac4_uniq; Type: CONSTRAINT; Schema: public; Owner: postgres
--

ALTER TABLE ONLY public.upload_conversation_participants
    ADD CONSTRAINT upload_conversation_part_conversation_id_user_id_59996ac4_uniq UNIQUE (conversation_id, user_id);


--
-- Name: upload_conversation_participants upload_conversation_participants_pkey; Type: CONSTRAINT; Schema: public; Owner: postgres
--

ALTER TABLE ONLY public.upload_conversation_participants
    ADD CONSTRAINT upload_conversation_participants_pkey PRIMARY KEY (id);


--
-- Name: upload_conversation upload_conversation_pkey; Type: CONSTRAINT; Schema: public; Owner: postgres
--

ALTER TABLE ONLY public.upload_conversation
    ADD CONSTRAINT upload_conversation_pkey PRIMARY KEY (id);


--
-- Name: upload_department upload_department_pkey; Type: CONSTRAINT; Schema: public; Owner: postgres
--

ALTER TABLE ONLY public.upload_department
    ADD CONSTRAINT upload_department_pkey PRIMARY KEY (id);


--
-- Name: upload_division upload_division_pkey; Type: CONSTRAINT; Schema: public; Owner: postgres
--

ALTER TABLE ONLY public.upload_division
    ADD CONSTRAINT upload_division_pkey PRIMARY KEY (id);


--
-- Name: upload_document upload_document_pkey; Type: CONSTRAINT; Schema: public; Owner: postgres
--

ALTER TABLE ONLY public.upload_document
    ADD CONSTRAINT upload_document_pkey PRIMARY KEY (id);


--
-- Name: upload_engagement upload_engagement_pkey; Type: CONSTRAINT; Schema: public; Owner: postgres
--

ALTER TABLE ONLY public.upload_engagement
    ADD CONSTRAINT upload_engagement_pkey PRIMARY KEY (id);


--
-- Name: upload_engagement upload_engagement_tweet_id_key; Type: CONSTRAINT; Schema: public; Owner: postgres
--

ALTER TABLE ONLY public.upload_engagement
    ADD CONSTRAINT upload_engagement_tweet_id_key UNIQUE (tweet_id);


--
-- Name: upload_image upload_image_pkey; Type: CONSTRAINT; Schema: public; Owner: postgres
--

ALTER TABLE ONLY public.upload_image
    ADD CONSTRAINT upload_image_pkey PRIMARY KEY (id);


--
-- Name: upload_image_tags upload_image_tags_image_id_tag_id_0528c761_uniq; Type: CONSTRAINT; Schema: public; Owner: postgres
--

ALTER TABLE ONLY public.upload_image_tags
    ADD CONSTRAINT upload_image_tags_image_id_tag_id_0528c761_uniq UNIQUE (image_id, tag_id);


--
-- Name: upload_image_tags upload_image_tags_pkey; Type: CONSTRAINT; Schema: public; Owner: postgres
--

ALTER TABLE ONLY public.upload_image_tags
    ADD CONSTRAINT upload_image_tags_pkey PRIMARY KEY (id);


--
-- Name: upload_instagramcredentials upload_instagramcredentials_pkey; Type: CONSTRAINT; Schema: public; Owner: postgres
--

ALTER TABLE ONLY public.upload_instagramcredentials
    ADD CONSTRAINT upload_instagramcredentials_pkey PRIMARY KEY (id);


--
-- Name: upload_link upload_link_pkey; Type: CONSTRAINT; Schema: public; Owner: postgres
--

ALTER TABLE ONLY public.upload_link
    ADD CONSTRAINT upload_link_pkey PRIMARY KEY (id);


--
-- Name: upload_message upload_message_pkey; Type: CONSTRAINT; Schema: public; Owner: postgres
--

ALTER TABLE ONLY public.upload_message
    ADD CONSTRAINT upload_message_pkey PRIMARY KEY (id);


--
-- Name: upload_mom upload_mom_pkey; Type: CONSTRAINT; Schema: public; Owner: postgres
--

ALTER TABLE ONLY public.upload_mom
    ADD CONSTRAINT upload_mom_pkey PRIMARY KEY (sn_number);


--
-- Name: upload_momrow upload_momrow_mom_id_sn_number_376ecac8_uniq; Type: CONSTRAINT; Schema: public; Owner: postgres
--

ALTER TABLE ONLY public.upload_momrow
    ADD CONSTRAINT upload_momrow_mom_id_sn_number_376ecac8_uniq UNIQUE (mom_id, sn_number);


--
-- Name: upload_momrow upload_momrow_pkey; Type: CONSTRAINT; Schema: public; Owner: postgres
--

ALTER TABLE ONLY public.upload_momrow
    ADD CONSTRAINT upload_momrow_pkey PRIMARY KEY (id);


--
-- Name: upload_momrow upload_momrow_sn_number_key; Type: CONSTRAINT; Schema: public; Owner: postgres
--

ALTER TABLE ONLY public.upload_momrow
    ADD CONSTRAINT upload_momrow_sn_number_key UNIQUE (sn_number);


--
-- Name: upload_notification upload_notification_pkey; Type: CONSTRAINT; Schema: public; Owner: postgres
--

ALTER TABLE ONLY public.upload_notification
    ADD CONSTRAINT upload_notification_pkey PRIMARY KEY (id);


--
-- Name: upload_event upload_onlyevent_pkey; Type: CONSTRAINT; Schema: public; Owner: postgres
--

ALTER TABLE ONLY public.upload_event
    ADD CONSTRAINT upload_onlyevent_pkey PRIMARY KEY (id);


--
-- Name: upload_post upload_post_pkey; Type: CONSTRAINT; Schema: public; Owner: postgres
--

ALTER TABLE ONLY public.upload_post
    ADD CONSTRAINT upload_post_pkey PRIMARY KEY (id);


--
-- Name: upload_question upload_question_pkey; Type: CONSTRAINT; Schema: public; Owner: postgres
--

ALTER TABLE ONLY public.upload_question
    ADD CONSTRAINT upload_question_pkey PRIMARY KEY (id);


--
-- Name: upload_subdivision upload_subdivision_pkey; Type: CONSTRAINT; Schema: public; Owner: postgres
--

ALTER TABLE ONLY public.upload_subdivision
    ADD CONSTRAINT upload_subdivision_pkey PRIMARY KEY (id);


--
-- Name: upload_survey upload_survey_pkey; Type: CONSTRAINT; Schema: public; Owner: postgres
--

ALTER TABLE ONLY public.upload_survey
    ADD CONSTRAINT upload_survey_pkey PRIMARY KEY (id);


--
-- Name: upload_tag upload_tag_name_key; Type: CONSTRAINT; Schema: public; Owner: postgres
--

ALTER TABLE ONLY public.upload_tag
    ADD CONSTRAINT upload_tag_name_key UNIQUE (name);


--
-- Name: upload_tag upload_tag_pkey; Type: CONSTRAINT; Schema: public; Owner: postgres
--

ALTER TABLE ONLY public.upload_tag
    ADD CONSTRAINT upload_tag_pkey PRIMARY KEY (id);


--
-- Name: upload_tweet upload_tweet_pkey; Type: CONSTRAINT; Schema: public; Owner: postgres
--

ALTER TABLE ONLY public.upload_tweet
    ADD CONSTRAINT upload_tweet_pkey PRIMARY KEY (id);


--
-- Name: upload_tweet upload_tweet_tweet_id_key; Type: CONSTRAINT; Schema: public; Owner: postgres
--

ALTER TABLE ONLY public.upload_tweet
    ADD CONSTRAINT upload_tweet_tweet_id_key UNIQUE (tweet_id);


--
-- Name: upload_user_departments upload_user_departments_pkey; Type: CONSTRAINT; Schema: public; Owner: postgres
--

ALTER TABLE ONLY public.upload_user_departments
    ADD CONSTRAINT upload_user_departments_pkey PRIMARY KEY (id);


--
-- Name: upload_user_departments upload_user_departments_user_id_department_id_4425b501_uniq; Type: CONSTRAINT; Schema: public; Owner: postgres
--

ALTER TABLE ONLY public.upload_user_departments
    ADD CONSTRAINT upload_user_departments_user_id_department_id_4425b501_uniq UNIQUE (user_id, department_id);


--
-- Name: upload_user_divisions upload_user_divisions_pkey; Type: CONSTRAINT; Schema: public; Owner: postgres
--

ALTER TABLE ONLY public.upload_user_divisions
    ADD CONSTRAINT upload_user_divisions_pkey PRIMARY KEY (id);


--
-- Name: upload_user_divisions upload_user_divisions_user_id_division_id_a99d58a2_uniq; Type: CONSTRAINT; Schema: public; Owner: postgres
--

ALTER TABLE ONLY public.upload_user_divisions
    ADD CONSTRAINT upload_user_divisions_user_id_division_id_a99d58a2_uniq UNIQUE (user_id, division_id);


--
-- Name: upload_user upload_user_email_key; Type: CONSTRAINT; Schema: public; Owner: postgres
--

ALTER TABLE ONLY public.upload_user
    ADD CONSTRAINT upload_user_email_key UNIQUE (email);


--
-- Name: upload_user_groups upload_user_groups_pkey; Type: CONSTRAINT; Schema: public; Owner: postgres
--

ALTER TABLE ONLY public.upload_user_groups
    ADD CONSTRAINT upload_user_groups_pkey PRIMARY KEY (id);


--
-- Name: upload_user_groups upload_user_groups_user_id_group_id_0f689f2b_uniq; Type: CONSTRAINT; Schema: public; Owner: postgres
--

ALTER TABLE ONLY public.upload_user_groups
    ADD CONSTRAINT upload_user_groups_user_id_group_id_0f689f2b_uniq UNIQUE (user_id, group_id);


--
-- Name: upload_user upload_user_pkey; Type: CONSTRAINT; Schema: public; Owner: postgres
--

ALTER TABLE ONLY public.upload_user
    ADD CONSTRAINT upload_user_pkey PRIMARY KEY (id);


--
-- Name: upload_user_subdivisions upload_user_subdivisions_pkey; Type: CONSTRAINT; Schema: public; Owner: postgres
--

ALTER TABLE ONLY public.upload_user_subdivisions
    ADD CONSTRAINT upload_user_subdivisions_pkey PRIMARY KEY (id);


--
-- Name: upload_user_subdivisions upload_user_subdivisions_user_id_subdivision_id_1790e30f_uniq; Type: CONSTRAINT; Schema: public; Owner: postgres
--

ALTER TABLE ONLY public.upload_user_subdivisions
    ADD CONSTRAINT upload_user_subdivisions_user_id_subdivision_id_1790e30f_uniq UNIQUE (user_id, subdivision_id);


--
-- Name: upload_user_user_permissions upload_user_user_permiss_user_id_permission_id_b03ebd06_uniq; Type: CONSTRAINT; Schema: public; Owner: postgres
--

ALTER TABLE ONLY public.upload_user_user_permissions
    ADD CONSTRAINT upload_user_user_permiss_user_id_permission_id_b03ebd06_uniq UNIQUE (user_id, permission_id);


--
-- Name: upload_user_user_permissions upload_user_user_permissions_pkey; Type: CONSTRAINT; Schema: public; Owner: postgres
--

ALTER TABLE ONLY public.upload_user_user_permissions
    ADD CONSTRAINT upload_user_user_permissions_pkey PRIMARY KEY (id);


--
-- Name: upload_user upload_user_username_key; Type: CONSTRAINT; Schema: public; Owner: postgres
--

ALTER TABLE ONLY public.upload_user
    ADD CONSTRAINT upload_user_username_key UNIQUE (username);


--
-- Name: upload_useradmin upload_useradmin_pkey; Type: CONSTRAINT; Schema: public; Owner: postgres
--

ALTER TABLE ONLY public.upload_useradmin
    ADD CONSTRAINT upload_useradmin_pkey PRIMARY KEY (id);


--
-- Name: upload_useradmin upload_useradmin_user_id_key; Type: CONSTRAINT; Schema: public; Owner: postgres
--

ALTER TABLE ONLY public.upload_useradmin
    ADD CONSTRAINT upload_useradmin_user_id_key UNIQUE (user_id);


--
-- Name: upload_useradmin upload_useradmin_useradmin_id_key; Type: CONSTRAINT; Schema: public; Owner: postgres
--

ALTER TABLE ONLY public.upload_useradmin
    ADD CONSTRAINT upload_useradmin_useradmin_id_key UNIQUE (useradmin_id);


--
-- Name: upload_video upload_video_pkey; Type: CONSTRAINT; Schema: public; Owner: postgres
--

ALTER TABLE ONLY public.upload_video
    ADD CONSTRAINT upload_video_pkey PRIMARY KEY (id);


--
-- Name: upload_video_tags upload_video_tags_pkey; Type: CONSTRAINT; Schema: public; Owner: postgres
--

ALTER TABLE ONLY public.upload_video_tags
    ADD CONSTRAINT upload_video_tags_pkey PRIMARY KEY (id);


--
-- Name: upload_video_tags upload_video_tags_video_id_tag_id_ba037c64_uniq; Type: CONSTRAINT; Schema: public; Owner: postgres
--

ALTER TABLE ONLY public.upload_video_tags
    ADD CONSTRAINT upload_video_tags_video_id_tag_id_ba037c64_uniq UNIQUE (video_id, tag_id);


--
-- Name: auth_group_name_a6ea08ec_like; Type: INDEX; Schema: public; Owner: postgres
--

CREATE INDEX auth_group_name_a6ea08ec_like ON public.auth_group USING btree (name varchar_pattern_ops);


--
-- Name: auth_group_permissions_group_id_b120cbf9; Type: INDEX; Schema: public; Owner: postgres
--

CREATE INDEX auth_group_permissions_group_id_b120cbf9 ON public.auth_group_permissions USING btree (group_id);


--
-- Name: auth_group_permissions_permission_id_84c5c92e; Type: INDEX; Schema: public; Owner: postgres
--

CREATE INDEX auth_group_permissions_permission_id_84c5c92e ON public.auth_group_permissions USING btree (permission_id);


--
-- Name: auth_permission_content_type_id_2f476e4b; Type: INDEX; Schema: public; Owner: postgres
--

CREATE INDEX auth_permission_content_type_id_2f476e4b ON public.auth_permission USING btree (content_type_id);


--
-- Name: authtoken_token_key_10f0b77e_like; Type: INDEX; Schema: public; Owner: postgres
--

CREATE INDEX authtoken_token_key_10f0b77e_like ON public.authtoken_token USING btree (key varchar_pattern_ops);


--
-- Name: django_admin_log_content_type_id_c4bce8eb; Type: INDEX; Schema: public; Owner: postgres
--

CREATE INDEX django_admin_log_content_type_id_c4bce8eb ON public.django_admin_log USING btree (content_type_id);


--
-- Name: django_admin_log_user_id_c564eba6; Type: INDEX; Schema: public; Owner: postgres
--

CREATE INDEX django_admin_log_user_id_c564eba6 ON public.django_admin_log USING btree (user_id);


--
-- Name: django_session_expire_date_a5c62663; Type: INDEX; Schema: public; Owner: postgres
--

CREATE INDEX django_session_expire_date_a5c62663 ON public.django_session USING btree (expire_date);


--
-- Name: django_session_session_key_c0390e0f_like; Type: INDEX; Schema: public; Owner: postgres
--

CREATE INDEX django_session_session_key_c0390e0f_like ON public.django_session USING btree (session_key varchar_pattern_ops);


--
-- Name: upload_category_name_67c72e4d_like; Type: INDEX; Schema: public; Owner: postgres
--

CREATE INDEX upload_category_name_67c72e4d_like ON public.upload_category USING btree (name varchar_pattern_ops);


--
-- Name: upload_content_created_by_id_aabc631e; Type: INDEX; Schema: public; Owner: postgres
--

CREATE INDEX upload_content_created_by_id_aabc631e ON public.upload_content USING btree (created_by_id);


--
-- Name: upload_content_department_id_6afee7b0; Type: INDEX; Schema: public; Owner: postgres
--

CREATE INDEX upload_content_department_id_6afee7b0 ON public.upload_content USING btree (department_id);


--
-- Name: upload_conversation_participants_conversation_id_805d60a4; Type: INDEX; Schema: public; Owner: postgres
--

CREATE INDEX upload_conversation_participants_conversation_id_805d60a4 ON public.upload_conversation_participants USING btree (conversation_id);


--
-- Name: upload_conversation_participants_user_id_c88ce034; Type: INDEX; Schema: public; Owner: postgres
--

CREATE INDEX upload_conversation_participants_user_id_c88ce034 ON public.upload_conversation_participants USING btree (user_id);


--
-- Name: upload_department_parent_id_cd24eb29; Type: INDEX; Schema: public; Owner: postgres
--

CREATE INDEX upload_department_parent_id_cd24eb29 ON public.upload_department USING btree (parent_id);


--
-- Name: upload_division_department_id_4a13153b; Type: INDEX; Schema: public; Owner: postgres
--

CREATE INDEX upload_division_department_id_4a13153b ON public.upload_division USING btree (department_id);


--
-- Name: upload_document_category_id_bc8d4d81; Type: INDEX; Schema: public; Owner: postgres
--

CREATE INDEX upload_document_category_id_bc8d4d81 ON public.upload_document USING btree (category_id);


--
-- Name: upload_document_department_id_66e22039; Type: INDEX; Schema: public; Owner: postgres
--

CREATE INDEX upload_document_department_id_66e22039 ON public.upload_document USING btree (department_id);


--
-- Name: upload_document_user_id_6f52ce88; Type: INDEX; Schema: public; Owner: postgres
--

CREATE INDEX upload_document_user_id_6f52ce88 ON public.upload_document USING btree (user_id);


--
-- Name: upload_image_category_id_2805b59d; Type: INDEX; Schema: public; Owner: postgres
--

CREATE INDEX upload_image_category_id_2805b59d ON public.upload_image USING btree (category_id);


--
-- Name: upload_image_department_id_00bfae5e; Type: INDEX; Schema: public; Owner: postgres
--

CREATE INDEX upload_image_department_id_00bfae5e ON public.upload_image USING btree (department_id);


--
-- Name: upload_image_tags_image_id_50b60c8e; Type: INDEX; Schema: public; Owner: postgres
--

CREATE INDEX upload_image_tags_image_id_50b60c8e ON public.upload_image_tags USING btree (image_id);


--
-- Name: upload_image_tags_tag_id_b2674a09; Type: INDEX; Schema: public; Owner: postgres
--

CREATE INDEX upload_image_tags_tag_id_b2674a09 ON public.upload_image_tags USING btree (tag_id);


--
-- Name: upload_image_user_id_30c5df0b; Type: INDEX; Schema: public; Owner: postgres
--

CREATE INDEX upload_image_user_id_30c5df0b ON public.upload_image USING btree (user_id);


--
-- Name: upload_link_category_id_1180b534; Type: INDEX; Schema: public; Owner: postgres
--

CREATE INDEX upload_link_category_id_1180b534 ON public.upload_link USING btree (category_id);


--
-- Name: upload_link_department_id_f92ffe7f; Type: INDEX; Schema: public; Owner: postgres
--

CREATE INDEX upload_link_department_id_f92ffe7f ON public.upload_link USING btree (department_id);


--
-- Name: upload_link_user_id_415c0072; Type: INDEX; Schema: public; Owner: postgres
--

CREATE INDEX upload_link_user_id_415c0072 ON public.upload_link USING btree (user_id);


--
-- Name: upload_message_conversation_id_bff62532; Type: INDEX; Schema: public; Owner: postgres
--

CREATE INDEX upload_message_conversation_id_bff62532 ON public.upload_message USING btree (conversation_id);


--
-- Name: upload_message_receiver_id_237489b8; Type: INDEX; Schema: public; Owner: postgres
--

CREATE INDEX upload_message_receiver_id_237489b8 ON public.upload_message USING btree (receiver_id);


--
-- Name: upload_message_sender_id_429aacfe; Type: INDEX; Schema: public; Owner: postgres
--

CREATE INDEX upload_message_sender_id_429aacfe ON public.upload_message USING btree (sender_id);


--
-- Name: upload_momrow_mom_id_82cd7ca7; Type: INDEX; Schema: public; Owner: postgres
--

CREATE INDEX upload_momrow_mom_id_82cd7ca7 ON public.upload_momrow USING btree (mom_id);


--
-- Name: upload_momrow_responsible_person_id_10ed5169; Type: INDEX; Schema: public; Owner: postgres
--

CREATE INDEX upload_momrow_responsible_person_id_10ed5169 ON public.upload_momrow USING btree (responsible_person_id);


--
-- Name: upload_momrow_sn_number_38bb1171_like; Type: INDEX; Schema: public; Owner: postgres
--

CREATE INDEX upload_momrow_sn_number_38bb1171_like ON public.upload_momrow USING btree (sn_number varchar_pattern_ops);


--
-- Name: upload_notification_user_id_99560809; Type: INDEX; Schema: public; Owner: postgres
--

CREATE INDEX upload_notification_user_id_99560809 ON public.upload_notification USING btree (user_id);


--
-- Name: upload_onlyevent_created_by_id_78677de4; Type: INDEX; Schema: public; Owner: postgres
--

CREATE INDEX upload_onlyevent_created_by_id_78677de4 ON public.upload_event USING btree (created_by_id);


--
-- Name: upload_onlyevent_department_id_3567ca35; Type: INDEX; Schema: public; Owner: postgres
--

CREATE INDEX upload_onlyevent_department_id_3567ca35 ON public.upload_event USING btree (department_id);


--
-- Name: upload_post_category_id_3982a436; Type: INDEX; Schema: public; Owner: postgres
--

CREATE INDEX upload_post_category_id_3982a436 ON public.upload_post USING btree (category_id);


--
-- Name: upload_post_department_id_4f1c172e; Type: INDEX; Schema: public; Owner: postgres
--

CREATE INDEX upload_post_department_id_4f1c172e ON public.upload_post USING btree (department_id);


--
-- Name: upload_post_user_id_8042db3e; Type: INDEX; Schema: public; Owner: postgres
--

CREATE INDEX upload_post_user_id_8042db3e ON public.upload_post USING btree (user_id);


--
-- Name: upload_question_survey_id_fa07592c; Type: INDEX; Schema: public; Owner: postgres
--

CREATE INDEX upload_question_survey_id_fa07592c ON public.upload_question USING btree (survey_id);


--
-- Name: upload_subdivision_division_id_440e8c58; Type: INDEX; Schema: public; Owner: postgres
--

CREATE INDEX upload_subdivision_division_id_440e8c58 ON public.upload_subdivision USING btree (division_id);


--
-- Name: upload_tag_name_bb1ac86d_like; Type: INDEX; Schema: public; Owner: postgres
--

CREATE INDEX upload_tag_name_bb1ac86d_like ON public.upload_tag USING btree (name varchar_pattern_ops);


--
-- Name: upload_tweet_tweet_id_0e84930f_like; Type: INDEX; Schema: public; Owner: postgres
--

CREATE INDEX upload_tweet_tweet_id_0e84930f_like ON public.upload_tweet USING btree (tweet_id varchar_pattern_ops);


--
-- Name: upload_tweet_user_id_3e260c21; Type: INDEX; Schema: public; Owner: postgres
--

CREATE INDEX upload_tweet_user_id_3e260c21 ON public.upload_tweet USING btree (user_id);


--
-- Name: upload_user_departments_department_id_4cca4628; Type: INDEX; Schema: public; Owner: postgres
--

CREATE INDEX upload_user_departments_department_id_4cca4628 ON public.upload_user_departments USING btree (department_id);


--
-- Name: upload_user_departments_user_id_bc69e40b; Type: INDEX; Schema: public; Owner: postgres
--

CREATE INDEX upload_user_departments_user_id_bc69e40b ON public.upload_user_departments USING btree (user_id);


--
-- Name: upload_user_divisions_division_id_d57e132b; Type: INDEX; Schema: public; Owner: postgres
--

CREATE INDEX upload_user_divisions_division_id_d57e132b ON public.upload_user_divisions USING btree (division_id);


--
-- Name: upload_user_divisions_user_id_569a7d9f; Type: INDEX; Schema: public; Owner: postgres
--

CREATE INDEX upload_user_divisions_user_id_569a7d9f ON public.upload_user_divisions USING btree (user_id);


--
-- Name: upload_user_email_f2858949_like; Type: INDEX; Schema: public; Owner: postgres
--

CREATE INDEX upload_user_email_f2858949_like ON public.upload_user USING btree (email varchar_pattern_ops);


--
-- Name: upload_user_groups_group_id_da6aae3f; Type: INDEX; Schema: public; Owner: postgres
--

CREATE INDEX upload_user_groups_group_id_da6aae3f ON public.upload_user_groups USING btree (group_id);


--
-- Name: upload_user_groups_user_id_521abbd1; Type: INDEX; Schema: public; Owner: postgres
--

CREATE INDEX upload_user_groups_user_id_521abbd1 ON public.upload_user_groups USING btree (user_id);


--
-- Name: upload_user_subdivisions_subdivision_id_f5472269; Type: INDEX; Schema: public; Owner: postgres
--

CREATE INDEX upload_user_subdivisions_subdivision_id_f5472269 ON public.upload_user_subdivisions USING btree (subdivision_id);


--
-- Name: upload_user_subdivisions_user_id_607a6d97; Type: INDEX; Schema: public; Owner: postgres
--

CREATE INDEX upload_user_subdivisions_user_id_607a6d97 ON public.upload_user_subdivisions USING btree (user_id);


--
-- Name: upload_user_user_permissions_permission_id_c7af3211; Type: INDEX; Schema: public; Owner: postgres
--

CREATE INDEX upload_user_user_permissions_permission_id_c7af3211 ON public.upload_user_user_permissions USING btree (permission_id);


--
-- Name: upload_user_user_permissions_user_id_cbfdab09; Type: INDEX; Schema: public; Owner: postgres
--

CREATE INDEX upload_user_user_permissions_user_id_cbfdab09 ON public.upload_user_user_permissions USING btree (user_id);


--
-- Name: upload_user_username_ef191a9c_like; Type: INDEX; Schema: public; Owner: postgres
--

CREATE INDEX upload_user_username_ef191a9c_like ON public.upload_user USING btree (username varchar_pattern_ops);


--
-- Name: upload_useradmin_useradmin_id_64b1283c_like; Type: INDEX; Schema: public; Owner: postgres
--

CREATE INDEX upload_useradmin_useradmin_id_64b1283c_like ON public.upload_useradmin USING btree (useradmin_id varchar_pattern_ops);


--
-- Name: upload_video_category_id_ad3a4900; Type: INDEX; Schema: public; Owner: postgres
--

CREATE INDEX upload_video_category_id_ad3a4900 ON public.upload_video USING btree (category_id);


--
-- Name: upload_video_department_id_32c7055e; Type: INDEX; Schema: public; Owner: postgres
--

CREATE INDEX upload_video_department_id_32c7055e ON public.upload_video USING btree (department_id);


--
-- Name: upload_video_tags_tag_id_4aecd42d; Type: INDEX; Schema: public; Owner: postgres
--

CREATE INDEX upload_video_tags_tag_id_4aecd42d ON public.upload_video_tags USING btree (tag_id);


--
-- Name: upload_video_tags_video_id_e903091a; Type: INDEX; Schema: public; Owner: postgres
--

CREATE INDEX upload_video_tags_video_id_e903091a ON public.upload_video_tags USING btree (video_id);


--
-- Name: upload_video_user_id_09b456db; Type: INDEX; Schema: public; Owner: postgres
--

CREATE INDEX upload_video_user_id_09b456db ON public.upload_video USING btree (user_id);


--
-- Name: auth_group_permissions auth_group_permissio_permission_id_84c5c92e_fk_auth_perm; Type: FK CONSTRAINT; Schema: public; Owner: postgres
--

ALTER TABLE ONLY public.auth_group_permissions
    ADD CONSTRAINT auth_group_permissio_permission_id_84c5c92e_fk_auth_perm FOREIGN KEY (permission_id) REFERENCES public.auth_permission(id) DEFERRABLE INITIALLY DEFERRED;


--
-- Name: auth_group_permissions auth_group_permissions_group_id_b120cbf9_fk_auth_group_id; Type: FK CONSTRAINT; Schema: public; Owner: postgres
--

ALTER TABLE ONLY public.auth_group_permissions
    ADD CONSTRAINT auth_group_permissions_group_id_b120cbf9_fk_auth_group_id FOREIGN KEY (group_id) REFERENCES public.auth_group(id) DEFERRABLE INITIALLY DEFERRED;


--
-- Name: auth_permission auth_permission_content_type_id_2f476e4b_fk_django_co; Type: FK CONSTRAINT; Schema: public; Owner: postgres
--

ALTER TABLE ONLY public.auth_permission
    ADD CONSTRAINT auth_permission_content_type_id_2f476e4b_fk_django_co FOREIGN KEY (content_type_id) REFERENCES public.django_content_type(id) DEFERRABLE INITIALLY DEFERRED;


--
-- Name: authtoken_token authtoken_token_user_id_35299eff_fk_upload_user_id; Type: FK CONSTRAINT; Schema: public; Owner: postgres
--

ALTER TABLE ONLY public.authtoken_token
    ADD CONSTRAINT authtoken_token_user_id_35299eff_fk_upload_user_id FOREIGN KEY (user_id) REFERENCES public.upload_user(id) DEFERRABLE INITIALLY DEFERRED;


--
-- Name: django_admin_log django_admin_log_content_type_id_c4bce8eb_fk_django_co; Type: FK CONSTRAINT; Schema: public; Owner: postgres
--

ALTER TABLE ONLY public.django_admin_log
    ADD CONSTRAINT django_admin_log_content_type_id_c4bce8eb_fk_django_co FOREIGN KEY (content_type_id) REFERENCES public.django_content_type(id) DEFERRABLE INITIALLY DEFERRED;


--
-- Name: django_admin_log django_admin_log_user_id_c564eba6_fk_upload_user_id; Type: FK CONSTRAINT; Schema: public; Owner: postgres
--

ALTER TABLE ONLY public.django_admin_log
    ADD CONSTRAINT django_admin_log_user_id_c564eba6_fk_upload_user_id FOREIGN KEY (user_id) REFERENCES public.upload_user(id) DEFERRABLE INITIALLY DEFERRED;


--
-- Name: upload_content upload_content_created_by_id_aabc631e_fk_upload_user_id; Type: FK CONSTRAINT; Schema: public; Owner: postgres
--

ALTER TABLE ONLY public.upload_content
    ADD CONSTRAINT upload_content_created_by_id_aabc631e_fk_upload_user_id FOREIGN KEY (created_by_id) REFERENCES public.upload_user(id) DEFERRABLE INITIALLY DEFERRED;


--
-- Name: upload_content upload_content_department_id_6afee7b0_fk_upload_department_id; Type: FK CONSTRAINT; Schema: public; Owner: postgres
--

ALTER TABLE ONLY public.upload_content
    ADD CONSTRAINT upload_content_department_id_6afee7b0_fk_upload_department_id FOREIGN KEY (department_id) REFERENCES public.upload_department(id) DEFERRABLE INITIALLY DEFERRED;


--
-- Name: upload_conversation_participants upload_conversation__conversation_id_805d60a4_fk_upload_co; Type: FK CONSTRAINT; Schema: public; Owner: postgres
--

ALTER TABLE ONLY public.upload_conversation_participants
    ADD CONSTRAINT upload_conversation__conversation_id_805d60a4_fk_upload_co FOREIGN KEY (conversation_id) REFERENCES public.upload_conversation(id) DEFERRABLE INITIALLY DEFERRED;


--
-- Name: upload_conversation_participants upload_conversation__user_id_c88ce034_fk_upload_us; Type: FK CONSTRAINT; Schema: public; Owner: postgres
--

ALTER TABLE ONLY public.upload_conversation_participants
    ADD CONSTRAINT upload_conversation__user_id_c88ce034_fk_upload_us FOREIGN KEY (user_id) REFERENCES public.upload_user(id) DEFERRABLE INITIALLY DEFERRED;


--
-- Name: upload_department upload_department_parent_id_cd24eb29_fk_upload_department_id; Type: FK CONSTRAINT; Schema: public; Owner: postgres
--

ALTER TABLE ONLY public.upload_department
    ADD CONSTRAINT upload_department_parent_id_cd24eb29_fk_upload_department_id FOREIGN KEY (parent_id) REFERENCES public.upload_department(id) DEFERRABLE INITIALLY DEFERRED;


--
-- Name: upload_division upload_division_department_id_4a13153b_fk_upload_department_id; Type: FK CONSTRAINT; Schema: public; Owner: postgres
--

ALTER TABLE ONLY public.upload_division
    ADD CONSTRAINT upload_division_department_id_4a13153b_fk_upload_department_id FOREIGN KEY (department_id) REFERENCES public.upload_department(id) DEFERRABLE INITIALLY DEFERRED;


--
-- Name: upload_document upload_document_category_id_bc8d4d81_fk_upload_category_id; Type: FK CONSTRAINT; Schema: public; Owner: postgres
--

ALTER TABLE ONLY public.upload_document
    ADD CONSTRAINT upload_document_category_id_bc8d4d81_fk_upload_category_id FOREIGN KEY (category_id) REFERENCES public.upload_category(id) DEFERRABLE INITIALLY DEFERRED;


--
-- Name: upload_document upload_document_department_id_66e22039_fk_upload_department_id; Type: FK CONSTRAINT; Schema: public; Owner: postgres
--

ALTER TABLE ONLY public.upload_document
    ADD CONSTRAINT upload_document_department_id_66e22039_fk_upload_department_id FOREIGN KEY (department_id) REFERENCES public.upload_department(id) DEFERRABLE INITIALLY DEFERRED;


--
-- Name: upload_document upload_document_user_id_6f52ce88_fk_upload_user_id; Type: FK CONSTRAINT; Schema: public; Owner: postgres
--

ALTER TABLE ONLY public.upload_document
    ADD CONSTRAINT upload_document_user_id_6f52ce88_fk_upload_user_id FOREIGN KEY (user_id) REFERENCES public.upload_user(id) DEFERRABLE INITIALLY DEFERRED;


--
-- Name: upload_engagement upload_engagement_tweet_id_116712d4_fk_upload_tweet_id; Type: FK CONSTRAINT; Schema: public; Owner: postgres
--

ALTER TABLE ONLY public.upload_engagement
    ADD CONSTRAINT upload_engagement_tweet_id_116712d4_fk_upload_tweet_id FOREIGN KEY (tweet_id) REFERENCES public.upload_tweet(id) DEFERRABLE INITIALLY DEFERRED;


--
-- Name: upload_image upload_image_category_id_2805b59d_fk_upload_category_id; Type: FK CONSTRAINT; Schema: public; Owner: postgres
--

ALTER TABLE ONLY public.upload_image
    ADD CONSTRAINT upload_image_category_id_2805b59d_fk_upload_category_id FOREIGN KEY (category_id) REFERENCES public.upload_category(id) DEFERRABLE INITIALLY DEFERRED;


--
-- Name: upload_image upload_image_department_id_00bfae5e_fk_upload_department_id; Type: FK CONSTRAINT; Schema: public; Owner: postgres
--

ALTER TABLE ONLY public.upload_image
    ADD CONSTRAINT upload_image_department_id_00bfae5e_fk_upload_department_id FOREIGN KEY (department_id) REFERENCES public.upload_department(id) DEFERRABLE INITIALLY DEFERRED;


--
-- Name: upload_image_tags upload_image_tags_image_id_50b60c8e_fk_upload_image_id; Type: FK CONSTRAINT; Schema: public; Owner: postgres
--

ALTER TABLE ONLY public.upload_image_tags
    ADD CONSTRAINT upload_image_tags_image_id_50b60c8e_fk_upload_image_id FOREIGN KEY (image_id) REFERENCES public.upload_image(id) DEFERRABLE INITIALLY DEFERRED;


--
-- Name: upload_image_tags upload_image_tags_tag_id_b2674a09_fk_upload_tag_id; Type: FK CONSTRAINT; Schema: public; Owner: postgres
--

ALTER TABLE ONLY public.upload_image_tags
    ADD CONSTRAINT upload_image_tags_tag_id_b2674a09_fk_upload_tag_id FOREIGN KEY (tag_id) REFERENCES public.upload_tag(id) DEFERRABLE INITIALLY DEFERRED;


--
-- Name: upload_image upload_image_user_id_30c5df0b_fk_upload_user_id; Type: FK CONSTRAINT; Schema: public; Owner: postgres
--

ALTER TABLE ONLY public.upload_image
    ADD CONSTRAINT upload_image_user_id_30c5df0b_fk_upload_user_id FOREIGN KEY (user_id) REFERENCES public.upload_user(id) DEFERRABLE INITIALLY DEFERRED;


--
-- Name: upload_link upload_link_category_id_1180b534_fk_upload_category_id; Type: FK CONSTRAINT; Schema: public; Owner: postgres
--

ALTER TABLE ONLY public.upload_link
    ADD CONSTRAINT upload_link_category_id_1180b534_fk_upload_category_id FOREIGN KEY (category_id) REFERENCES public.upload_category(id) DEFERRABLE INITIALLY DEFERRED;


--
-- Name: upload_link upload_link_department_id_f92ffe7f_fk_upload_department_id; Type: FK CONSTRAINT; Schema: public; Owner: postgres
--

ALTER TABLE ONLY public.upload_link
    ADD CONSTRAINT upload_link_department_id_f92ffe7f_fk_upload_department_id FOREIGN KEY (department_id) REFERENCES public.upload_department(id) DEFERRABLE INITIALLY DEFERRED;


--
-- Name: upload_link upload_link_user_id_415c0072_fk_upload_user_id; Type: FK CONSTRAINT; Schema: public; Owner: postgres
--

ALTER TABLE ONLY public.upload_link
    ADD CONSTRAINT upload_link_user_id_415c0072_fk_upload_user_id FOREIGN KEY (user_id) REFERENCES public.upload_user(id) DEFERRABLE INITIALLY DEFERRED;


--
-- Name: upload_message upload_message_conversation_id_bff62532_fk_upload_co; Type: FK CONSTRAINT; Schema: public; Owner: postgres
--

ALTER TABLE ONLY public.upload_message
    ADD CONSTRAINT upload_message_conversation_id_bff62532_fk_upload_co FOREIGN KEY (conversation_id) REFERENCES public.upload_conversation(id) DEFERRABLE INITIALLY DEFERRED;


--
-- Name: upload_message upload_message_receiver_id_237489b8_fk_upload_user_id; Type: FK CONSTRAINT; Schema: public; Owner: postgres
--

ALTER TABLE ONLY public.upload_message
    ADD CONSTRAINT upload_message_receiver_id_237489b8_fk_upload_user_id FOREIGN KEY (receiver_id) REFERENCES public.upload_user(id) DEFERRABLE INITIALLY DEFERRED;


--
-- Name: upload_message upload_message_sender_id_429aacfe_fk_upload_user_id; Type: FK CONSTRAINT; Schema: public; Owner: postgres
--

ALTER TABLE ONLY public.upload_message
    ADD CONSTRAINT upload_message_sender_id_429aacfe_fk_upload_user_id FOREIGN KEY (sender_id) REFERENCES public.upload_user(id) DEFERRABLE INITIALLY DEFERRED;


--
-- Name: upload_momrow upload_momrow_mom_id_82cd7ca7_fk_upload_mom_sn_number; Type: FK CONSTRAINT; Schema: public; Owner: postgres
--

ALTER TABLE ONLY public.upload_momrow
    ADD CONSTRAINT upload_momrow_mom_id_82cd7ca7_fk_upload_mom_sn_number FOREIGN KEY (mom_id) REFERENCES public.upload_mom(sn_number) DEFERRABLE INITIALLY DEFERRED;


--
-- Name: upload_momrow upload_momrow_responsible_person_id_10ed5169_fk_upload_user_id; Type: FK CONSTRAINT; Schema: public; Owner: postgres
--

ALTER TABLE ONLY public.upload_momrow
    ADD CONSTRAINT upload_momrow_responsible_person_id_10ed5169_fk_upload_user_id FOREIGN KEY (responsible_person_id) REFERENCES public.upload_user(id) DEFERRABLE INITIALLY DEFERRED;


--
-- Name: upload_notification upload_notification_user_id_99560809_fk_upload_user_id; Type: FK CONSTRAINT; Schema: public; Owner: postgres
--

ALTER TABLE ONLY public.upload_notification
    ADD CONSTRAINT upload_notification_user_id_99560809_fk_upload_user_id FOREIGN KEY (user_id) REFERENCES public.upload_user(id) DEFERRABLE INITIALLY DEFERRED;


--
-- Name: upload_event upload_onlyevent_created_by_id_78677de4_fk_upload_user_id; Type: FK CONSTRAINT; Schema: public; Owner: postgres
--

ALTER TABLE ONLY public.upload_event
    ADD CONSTRAINT upload_onlyevent_created_by_id_78677de4_fk_upload_user_id FOREIGN KEY (created_by_id) REFERENCES public.upload_user(id) DEFERRABLE INITIALLY DEFERRED;


--
-- Name: upload_event upload_onlyevent_department_id_3567ca35_fk_upload_department_id; Type: FK CONSTRAINT; Schema: public; Owner: postgres
--

ALTER TABLE ONLY public.upload_event
    ADD CONSTRAINT upload_onlyevent_department_id_3567ca35_fk_upload_department_id FOREIGN KEY (department_id) REFERENCES public.upload_department(id) DEFERRABLE INITIALLY DEFERRED;


--
-- Name: upload_post upload_post_category_id_3982a436_fk_upload_category_id; Type: FK CONSTRAINT; Schema: public; Owner: postgres
--

ALTER TABLE ONLY public.upload_post
    ADD CONSTRAINT upload_post_category_id_3982a436_fk_upload_category_id FOREIGN KEY (category_id) REFERENCES public.upload_category(id) DEFERRABLE INITIALLY DEFERRED;


--
-- Name: upload_post upload_post_department_id_4f1c172e_fk_upload_department_id; Type: FK CONSTRAINT; Schema: public; Owner: postgres
--

ALTER TABLE ONLY public.upload_post
    ADD CONSTRAINT upload_post_department_id_4f1c172e_fk_upload_department_id FOREIGN KEY (department_id) REFERENCES public.upload_department(id) DEFERRABLE INITIALLY DEFERRED;


--
-- Name: upload_post upload_post_user_id_8042db3e_fk_upload_user_id; Type: FK CONSTRAINT; Schema: public; Owner: postgres
--

ALTER TABLE ONLY public.upload_post
    ADD CONSTRAINT upload_post_user_id_8042db3e_fk_upload_user_id FOREIGN KEY (user_id) REFERENCES public.upload_user(id) DEFERRABLE INITIALLY DEFERRED;


--
-- Name: upload_question upload_question_survey_id_fa07592c_fk_upload_survey_id; Type: FK CONSTRAINT; Schema: public; Owner: postgres
--

ALTER TABLE ONLY public.upload_question
    ADD CONSTRAINT upload_question_survey_id_fa07592c_fk_upload_survey_id FOREIGN KEY (survey_id) REFERENCES public.upload_survey(id) DEFERRABLE INITIALLY DEFERRED;


--
-- Name: upload_subdivision upload_subdivision_division_id_440e8c58_fk_upload_division_id; Type: FK CONSTRAINT; Schema: public; Owner: postgres
--

ALTER TABLE ONLY public.upload_subdivision
    ADD CONSTRAINT upload_subdivision_division_id_440e8c58_fk_upload_division_id FOREIGN KEY (division_id) REFERENCES public.upload_division(id) DEFERRABLE INITIALLY DEFERRED;


--
-- Name: upload_tweet upload_tweet_user_id_3e260c21_fk_upload_user_id; Type: FK CONSTRAINT; Schema: public; Owner: postgres
--

ALTER TABLE ONLY public.upload_tweet
    ADD CONSTRAINT upload_tweet_user_id_3e260c21_fk_upload_user_id FOREIGN KEY (user_id) REFERENCES public.upload_user(id) DEFERRABLE INITIALLY DEFERRED;


--
-- Name: upload_user_departments upload_user_departme_department_id_4cca4628_fk_upload_de; Type: FK CONSTRAINT; Schema: public; Owner: postgres
--

ALTER TABLE ONLY public.upload_user_departments
    ADD CONSTRAINT upload_user_departme_department_id_4cca4628_fk_upload_de FOREIGN KEY (department_id) REFERENCES public.upload_department(id) DEFERRABLE INITIALLY DEFERRED;


--
-- Name: upload_user_departments upload_user_departments_user_id_bc69e40b_fk_upload_user_id; Type: FK CONSTRAINT; Schema: public; Owner: postgres
--

ALTER TABLE ONLY public.upload_user_departments
    ADD CONSTRAINT upload_user_departments_user_id_bc69e40b_fk_upload_user_id FOREIGN KEY (user_id) REFERENCES public.upload_user(id) DEFERRABLE INITIALLY DEFERRED;


--
-- Name: upload_user_divisions upload_user_division_division_id_d57e132b_fk_upload_di; Type: FK CONSTRAINT; Schema: public; Owner: postgres
--

ALTER TABLE ONLY public.upload_user_divisions
    ADD CONSTRAINT upload_user_division_division_id_d57e132b_fk_upload_di FOREIGN KEY (division_id) REFERENCES public.upload_division(id) DEFERRABLE INITIALLY DEFERRED;


--
-- Name: upload_user_divisions upload_user_divisions_user_id_569a7d9f_fk_upload_user_id; Type: FK CONSTRAINT; Schema: public; Owner: postgres
--

ALTER TABLE ONLY public.upload_user_divisions
    ADD CONSTRAINT upload_user_divisions_user_id_569a7d9f_fk_upload_user_id FOREIGN KEY (user_id) REFERENCES public.upload_user(id) DEFERRABLE INITIALLY DEFERRED;


--
-- Name: upload_user_groups upload_user_groups_group_id_da6aae3f_fk_auth_group_id; Type: FK CONSTRAINT; Schema: public; Owner: postgres
--

ALTER TABLE ONLY public.upload_user_groups
    ADD CONSTRAINT upload_user_groups_group_id_da6aae3f_fk_auth_group_id FOREIGN KEY (group_id) REFERENCES public.auth_group(id) DEFERRABLE INITIALLY DEFERRED;


--
-- Name: upload_user_groups upload_user_groups_user_id_521abbd1_fk_upload_user_id; Type: FK CONSTRAINT; Schema: public; Owner: postgres
--

ALTER TABLE ONLY public.upload_user_groups
    ADD CONSTRAINT upload_user_groups_user_id_521abbd1_fk_upload_user_id FOREIGN KEY (user_id) REFERENCES public.upload_user(id) DEFERRABLE INITIALLY DEFERRED;


--
-- Name: upload_user_subdivisions upload_user_subdivis_subdivision_id_f5472269_fk_upload_su; Type: FK CONSTRAINT; Schema: public; Owner: postgres
--

ALTER TABLE ONLY public.upload_user_subdivisions
    ADD CONSTRAINT upload_user_subdivis_subdivision_id_f5472269_fk_upload_su FOREIGN KEY (subdivision_id) REFERENCES public.upload_subdivision(id) DEFERRABLE INITIALLY DEFERRED;


--
-- Name: upload_user_subdivisions upload_user_subdivisions_user_id_607a6d97_fk_upload_user_id; Type: FK CONSTRAINT; Schema: public; Owner: postgres
--

ALTER TABLE ONLY public.upload_user_subdivisions
    ADD CONSTRAINT upload_user_subdivisions_user_id_607a6d97_fk_upload_user_id FOREIGN KEY (user_id) REFERENCES public.upload_user(id) DEFERRABLE INITIALLY DEFERRED;


--
-- Name: upload_user_user_permissions upload_user_user_per_permission_id_c7af3211_fk_auth_perm; Type: FK CONSTRAINT; Schema: public; Owner: postgres
--

ALTER TABLE ONLY public.upload_user_user_permissions
    ADD CONSTRAINT upload_user_user_per_permission_id_c7af3211_fk_auth_perm FOREIGN KEY (permission_id) REFERENCES public.auth_permission(id) DEFERRABLE INITIALLY DEFERRED;


--
-- Name: upload_user_user_permissions upload_user_user_permissions_user_id_cbfdab09_fk_upload_user_id; Type: FK CONSTRAINT; Schema: public; Owner: postgres
--

ALTER TABLE ONLY public.upload_user_user_permissions
    ADD CONSTRAINT upload_user_user_permissions_user_id_cbfdab09_fk_upload_user_id FOREIGN KEY (user_id) REFERENCES public.upload_user(id) DEFERRABLE INITIALLY DEFERRED;


--
-- Name: upload_useradmin upload_useradmin_user_id_7fd12aa0_fk_upload_user_id; Type: FK CONSTRAINT; Schema: public; Owner: postgres
--

ALTER TABLE ONLY public.upload_useradmin
    ADD CONSTRAINT upload_useradmin_user_id_7fd12aa0_fk_upload_user_id FOREIGN KEY (user_id) REFERENCES public.upload_user(id) DEFERRABLE INITIALLY DEFERRED;


--
-- Name: upload_video upload_video_category_id_ad3a4900_fk_upload_category_id; Type: FK CONSTRAINT; Schema: public; Owner: postgres
--

ALTER TABLE ONLY public.upload_video
    ADD CONSTRAINT upload_video_category_id_ad3a4900_fk_upload_category_id FOREIGN KEY (category_id) REFERENCES public.upload_category(id) DEFERRABLE INITIALLY DEFERRED;


--
-- Name: upload_video upload_video_department_id_32c7055e_fk_upload_department_id; Type: FK CONSTRAINT; Schema: public; Owner: postgres
--

ALTER TABLE ONLY public.upload_video
    ADD CONSTRAINT upload_video_department_id_32c7055e_fk_upload_department_id FOREIGN KEY (department_id) REFERENCES public.upload_department(id) DEFERRABLE INITIALLY DEFERRED;


--
-- Name: upload_video_tags upload_video_tags_tag_id_4aecd42d_fk_upload_tag_id; Type: FK CONSTRAINT; Schema: public; Owner: postgres
--

ALTER TABLE ONLY public.upload_video_tags
    ADD CONSTRAINT upload_video_tags_tag_id_4aecd42d_fk_upload_tag_id FOREIGN KEY (tag_id) REFERENCES public.upload_tag(id) DEFERRABLE INITIALLY DEFERRED;


--
-- Name: upload_video_tags upload_video_tags_video_id_e903091a_fk_upload_video_id; Type: FK CONSTRAINT; Schema: public; Owner: postgres
--

ALTER TABLE ONLY public.upload_video_tags
    ADD CONSTRAINT upload_video_tags_video_id_e903091a_fk_upload_video_id FOREIGN KEY (video_id) REFERENCES public.upload_video(id) DEFERRABLE INITIALLY DEFERRED;


--
-- Name: upload_video upload_video_user_id_09b456db_fk_upload_user_id; Type: FK CONSTRAINT; Schema: public; Owner: postgres
--

ALTER TABLE ONLY public.upload_video
    ADD CONSTRAINT upload_video_user_id_09b456db_fk_upload_user_id FOREIGN KEY (user_id) REFERENCES public.upload_user(id) DEFERRABLE INITIALLY DEFERRED;


--
-- PostgreSQL database dump complete
--

